1bqa,
3se9,
1vk5,
5ukd,
6ax1,
5qtv,
5myr,
6fs3,
4pbr,
6mvn,
3atb,
1hbv,
4a28,
3nlb,
1yzq,
5wwu,
3oo9,
2f7a,
4gjf,
3k1x,
5l7l,
5z4y,
1w26,
1tdg,
2bbw,
4xtq,
4u5k,
2x02,
6dry,
1o5z,
6biy,
3msv,
4uf8,
1euv,
1xwg,
2v3h,
6g0p,
2oq5,
5vla,
5doq,
1uxp,
4i23,
4i4q,
1g0l,
4f8v,
4dhk,
4pvr,
5fin,
5jqq,
1tiy,
3zz3,
4rnq,
5wks,
2xjt,
5yzb,
5hzx,
2y0g,
2fqt,
4htk,
2flc,
5jjo,
1c3p,
6n3s,
3qgp,
3qom,
4zj1,
4j79,
5zw9,
5duc,
2get,
5iys,
2gt6,
3w7d,
2wka,
5xqr,
1shw,
4mjy,
2e09,
4yz7,
3vny,
5i6r,
3spg,
3cic,
3kmr,
1a5m,
3aox,
2co0,
4xbi,
5ctn,
5lf9,
3r49,
4po2,
5bqs,
4rrg,
5xxd,
1snm,
1ebw,
2bew,
3sz2,
5e0f,
5t67,
3sib,
4i27,
3mrm,
3u7n,
5ew9,
3agz,
5k6v,
1uek,
3sse,
4tlf,
1owh,
5xna,
6h1c,
3arw,
2czw,
2c3l,
3heq,
4omv,
1b6r,
5lat,
6es4,
6cc1,
6bcm,
3kvp,
1sn7,
1puc,
2pch,
1x0s,
5kl6,
3okf,
5yf2,
2zdl,
4txd,
5m3n,
3ooa,
3g8r,
1g0i,
5qha,
1m0b,
1lt4,
4k94,
5m28,
4dag,
4bx5,
2zu2,
4dq0,
4ye9,
3kwi,
3fy5,
1udb,
6nri,
5cxm,
2po3,
4cfo,
4otv,
4k13,
1bza,
1trd,
4aiw,
4gog,
6gw9,
6qah,
5dyl,
6byn,
3hpm,
2v9q,
1qjf,
6h0v,
3nf3,
5ii2,
6igl,
1lws,
6g26,
1o4j,
3wpr,
2dwp,
1lzw,
4g9y,
4wcw,
2v3n,
4g47,
3hzm,
1lvg,
1ppe,
5c28,
6elp,
5sy6,
5v7l,
5id1,
6lw3,
5y2j,
4zxq,
2ywa,
5f2k,
1c8x,
3ded,
3voj,
2cfp,
2bv3,
3mhc,
2hqz,
2rb7,
2vmx,
1jsy,
5m0l,
5yfx,
2wa0,
2h51,
3uyi,
1zy1,
1fen,
2bdu,
5q75,
3gs9,
4gws,
3vn4,
1y8g,
4i1h,
3zlm,
3h4k,
4fzp,
4edh,
5u3y,
2bqz,
4hbg,
3a3c,
5hp8,
1lrz,
1wwj,
1b3q,
6hvf,
1nx2,
3zs9,
2j6b,
5cn1,
2yds,
3hkn,
6pl1,
6ebx,
6hq7,
1d3h,
3gjt,
5mba,
3lgp,
3af3,
5ytp,
6bov,
1lys,
3wrk,
6i8o,
3oty,
5qna,
3hqy,
4c3k,
3u64,
1q9k,
2f9m,
5gr4,
3tjx,
5exn,
4ayq,
3wxc,
3ns9,
1xko,
2pze,
4q6a,
1v8i,
2yvg,
3cbs,
3km0,
6b7q,
2p8i,
1kwv,
6r3i,
6am5,
3n9c,
1k35,
1z36,
2w23,
1sgv,
2x0w,
5mxk,
6g8w,
2ad1,
3f9e,
5p8l,
4zri,
2pgh,
5ka1,
4a9y,
6h5q,
2fik,
1bis,
4zou,
4jp9,
6e21,
1l8s,
4avn,
5eks,
4cqe,
3vq6,
3qr8,
5t70,
4co5,
6qgf,
5vyu,
5af1,
2ipw,
3k9m,
4q0v,
4tt7,
1h6i,
1gd0,
2ig3,
2q83,
3gf9,
3sz0,
2dwu,
1llm,
1z9y,
3umh,
2d22,
6enl,
3un6,
4zlp,
4iqx,
4pjn,
2y1o,
3iuz,
4q06,
3nhu,
4pxa,
4ds0,
1uae,
3mw6,
1lhg,
1gx7,
1nc6,
2fl3,
5qon,
3la9,
2thf,
3dx5,
4fhr,
1qc0,
6uo7,
2inq,
1uqs,
1udc,
4jav,
1n1l,
3pli,
5kuu,
2g4i,
3mp8,
3nh8,
1hxa,
1r80,
6qra,
5gpo,
4ych,
2rhk,
6d4w,
6qv7,
5d41,
4hvd,
1jfg,
2a4r,
6frd,
2tdd,
3x25,
2wcu,
5ka2,
5j5j,
1sev,
3lmo,
5ohu,
5v0z,
1cdu,
3gpb,
4nyv,
6e17,
2w52,
5psm,
1ikf,
5ehm,
1agd,
6apm,
2j42,
3qzz,
6l5x,
3bcr,
2qnc,
2owu,
3cp4,
2p67,
6qe8,
4eto,
5kf9,
1y2b,
5t5g,
6cdb,
4wke,
1qz7,
5hkm,
3q5o,
6exo,
5keb,
4dro,
4kig,
4uan,
5ylo,
3vgp,
3n52,
5m3b,
3q04,
4nj8,
4fhv,
3swj,
6i25,
5g5f,
1dmu,
4ovj,
4yve,
6omn,
3nrs,
4dgm,
1cwv,
1u40,
5mrh,
6m84,
3fsj,
5dv3,
5u3f,
1yeb,
2c9a,
4mx5,
3hn5,
3i4l,
3vwj,
4af6,
3ti4,
5yfk,
1odb,
1c3q,
1qkq,
2c7y,
1gk9,
1gcl,
1hng,
3tnh,
1qkj,
2d60,
2d8p,
1hb4,
6d9m,
3mo9,
2d3f,
5dtv,
4zqh,
5cis,
3f2n,
3agg,
4fce,
3q2f,
4qk2,
4hch,
1x91,
1m4c,
3q40,
1ijr,
4gnw,
3tvy,
3umo,
5ei4,
3kkj,
2nxq,
6a76,
5pyq,
4rzg,
3zoe,
2we7,
4ax0,
5e51,
3otq,
2ylf,
3svz,
2w0j,
1c3m,
2ial,
4p8j,
1r1k,
2cj4,
3s12,
1x1p,
2z38,
5igc,
5wiz,
4wxd,
5az8,
2bkn,
6qjx,
6c4t,
1w15,
3wzp,
1zi6,
1v6y,
4xuv,
4eqb,
6szh,
4phe,
3ik8,
5ni9,
5odl,
5fae,
4h0t,
4l1h,
3fvw,
2odi,
3kp7,
3wjf,
6dsu,
3qvk,
2iek,
2xf7,
6n1l,
2doo,
2b90,
2wn6,
1gn4,
3i8v,
4bod,
3cbg,
2hxm,
1gn3,
2yx4,
2d48,
6pkd,
3zhx,
3p1q,
3o0w,
1jj3,
6iph,
1t0h,
1rv5,
5po9,
3ufj,
1ioa,
5glc,
4cz9,
3hw9,
2jho,
3m1s,
3t9a,
6fkk,
4e5m,
1cux,
2x67,
4e2c,
3hsq,
6is3,
5z27,
1d1p,
5pww,
2wlz,
5nes,
3sm0,
2ab2,
3gf8,
3bvn,
3m86,
6got,
5e76,
5mrr,
4m1d,
6f3b,
6cni,
4xx8,
5j95,
3kjh,
5zyp,
6j92,
4qc1,
6els,
6jn8,
5k32,
1ebo,
1lcv,
4zq9,
4ox3,
4and,
4fqx,
2x0e,
5yso,
4a78,
2wgx,
6m8u,
6iop,
1yo8,
3trc,
3og7,
1cui,
4arm,
4fd9,
2awu,
3n6l,
2dh6,
3g45,
1v4u,
6d15,
6vcr,
5nv7,
2p1p,
1xri,
1q2c,
2d27,
4lsy,
4qdd,
6r1c,
6dai,
4zhy,
6p4y,
3kmo,
5vrg,
5kp3,
3gv1,
3hhh,
6j1e,
3ukv,
4uwh,
4gql,
4hzi,
4fn9,
1bvo,
1vjg,
4mb6,
5ojy,
3bt8,
6b8b,
4yka,
1hdr,
6fqi,
3rvt,
6ex0,
4brb,
4j6e,
3roo,
4fsz,
4tw9,
1n42,
5ojz,
2c9w,
5lz6,
3t1l,
3u4w,
4q99,
4n39,
2vlt,
1mol,
4asf,
4knp,
5li1,
1x1r,
3leo,
1tfz,
2vab,
1zkq,
5q7z,
1mvp,
1bn3,
1b4u,
6d4n,
5p2s,
5nj7,
2f42,
1h6b,
6opy,
4xu3,
3q6q,
3rz0,
4c4w,
6epm,
1ebt,
3t7a,
4rhd,
3oe0,
2yza,
5jaj,
5os4,
1pkg,
6ae5,
6qnh,
1m8z,
6u13,
5dcp,
3lle,
4yp2,
1kku,
5iqx,
6n05,
1fr4,
3ak0,
3g2y,
2gng,
3lvl,
3b1m,
5g51,
3poj,
1mej,
1uay,
1z92,
5qli,
6hac,
1ckt,
2qnp,
1ek6,
6cgt,
3a2z,
6oor,
3bp4,
4jjm,
3lxr,
3c8j,
4c3v,
1aop,
4km9,
2c6u,
1qve,
2xda,
6op6,
1b7x,
1syk,
3im4,
5myk,
1sng,
1czg,
1r7u,
5v23,
3otl,
6apu,
2h6q,
6r3t,
5e32,
4wfd,
5qhh,
5p6k,
2vq3,
2e2b,
6rct,
3ahg,
5p3k,
4m1b,
5me6,
3m8j,
5wev,
1k3e,
3s3d,
3hva,
6n3f,
4y38,
6e00,
3omc,
3zm2,
3srv,
1wkg,
6pak,
2jll,
4c6x,
3w1a,
3auw,
3as2,
6d0a,
1eq4,
2pi6,
5dju,
3own,
6ao9,
4s3l,
4qx8,
5vyk,
1bp2,
1rqb,
3hqu,
2cbm,
4agv,
1z1p,
4l2k,
1pzz,
2j6y,
5lne,
6h5d,
3pye,
5wh5,
4plm,
3kmn,
3qz4,
4ca7,
1mwc,
3zl4,
5pqn,
1heb,
5tte,
3zwe,
4m0m,
1w3r,
4up8,
5mbb,
2z00,
4ym3,
1chd,
1ckl,
1b7h,
3prd,
2phn,
6icy,
1agj,
4qf8,
1x09,
1f1a,
4tyq,
1kuf,
6gju,
3sym,
4q28,
5b1k,
5htc,
2w59,
1ff9,
6qr0,
3vpn,
1ns5,
2hml,
6fyv,
5uxo,
1yyp,
6u81,
3aw0,
1qzu,
4sli,
3qtn,
1knc,
1n0u,
4u05,
5wgg,
3qun,
5kvv,
1e2g,
1l9h,
2poy,
4tr5,
3gx7,
1tev,
6g92,
1enx,
5bsc,
2afx,
5d7e,
3lcj,
3e0b,
5d6e,
5tqv,
4pz8,
4afd,
5iui,
5zz3,
1ag6,
2ou7,
2b9f,
3c3q,
3acb,
2v1i,
5boh,
1x23,
2r24,
5wct,
3dzz,
3fit,
2axh,
4fid,
5gid,
4h3n,
1rtx,
3slm,
2hk3,
4rhz,
5cuc,
4ez5,
6ire,
3ie7,
3nhn,
1wop,
6c0b,
6b50,
3uy6,
3bsw,
5acn,
4u1j,
3fsi,
4reo,
5x67,
4gen,
4w52,
4qn1,
1t4i,
5k3s,
3pzh,
5d8c,
3da8,
3wqv,
4xcf,
3h60,
5k3q,
4odf,
1gk4,
4hka,
4dtd,
6kmo,
4uok,
2e27,
5gqz,
1ec2,
1emv,
2iay,
2i1a,
1z37,
4o96,
1yuk,
3oag,
3mjq,
4zc8,
1l90,
5y94,
1j00,
3sno,
6a2w,
3c3p,
2ric,
2gql,
1hrc,
1j1q,
5hms,
3o1s,
6l5g,
2hhu,
2eaq,
6f4u,
1qub,
5d9w,
2apw,
2qbo,
3aq6,
1x28,
5lfa,
6b41,
3sbw,
3f4x,
4bv6,
4qwq,
1x7v,
5v2x,
3od6,
6b10,
3k47,
2pzx,
3fxd,
2i0h,
5hsx,
4b18,
4oxq,
5edp,
3eyb,
1ep1,
2mgc,
1r4f,
3u1b,
3may,
3ekl,
2ql9,
1vim,
6brw,
2fov,
4gho,
1qw2,
6d6m,
5ab5,
1h7g,
4nxg,
1iup,
1s46,
4ug1,
1ct0,
6qu7,
6npd,
6h7y,
2g1y,
6hsa,
4kpt,
1ll2,
3qoq,
2fzz,
5rhn,
4led,
2iho,
3ep1,
3uaa,
1t3b,
1xip,
5n29,
1qg4,
5ud4,
1cto,
6n8y,
2v83,
4b50,
6pft,
3pzj,
3pc2,
3d6y,
1n9h,
4qtp,
5lt7,
1row,
5dfc,
1vfq,
3qo8,
4br9,
2qme,
3u2q,
4njp,
5hti,
2vvv,
1zab,
3iik,
5a4n,
5j75,
3fr0,
3ig5,
3woa,
3ib2,
5jjx,
6gv8,
3d8l,
3f96,
4x47,
3k9t,
1l65,
3m9v,
4cyn,
4qmy,
4dc2,
1dn0,
3m2n,
6h8l,
1pbp,
2q6z,
2hg2,
5q5o,
4xhq,
4p1h,
2npa,
4znw,
5xoy,
3tyt,
6bc3,
5zn9,
1htm,
6np5,
1fty,
3cz7,
4k6w,
1kzn,
1u18,
6e95,
2d2l,
1yzp,
4q5y,
4u6t,
4pdz,
1tb6,
4ioq,
6d5j,
3amb,
2c8g,
6t6b,
6g8r,
4dt4,
1npm,
357d,
3sw9,
4yv5,
1khp,
1t0j,
2an0,
2bzk,
4gf6,
3ug1,
5q8t,
2d1i,
5pup,
4awu,
6pah,
4ppx,
5iwr,
2c9z,
4c6b,
1b00,
3al3,
5irc,
2ucz,
1yhi,
4umv,
4unt,
6nfg,
5li6,
5tq1,
1w16,
5wb1,
4xtx,
5k34,
1pm9,
4xzd,
6m98,
1ofu,
1o9d,
1e62,
2p9v,
5fb7,
5aau,
5fzg,
4yt2,
2jfx,
4eeh,
4k2z,
2z6r,
1wbm,
2adq,
1ulm,
1ydk,
5qjr,
2j4a,
1ee8,
5k6f,
6ehv,
1zj7,
3ndp,
1i45,
2xcb,
5e4v,
2wtw,
1a1b,
3jtn,
4hs3,
2dt1,
3d8h,
4yqj,
5brw,
3qyz,
6evc,
4nt1,
6pux,
5b75,
4i5u,
1d9x,
4nwy,
2awx,
3b0c,
1fx9,
2j1u,
1jm0,
3cao,
4rm4,
2oep,
1zsh,
1vjd,
3lyy,
3i0x,
4rqa,
4fms,
3or5,
4zab,
5t0k,
4xr2,
3g9p,
5qih,
4mao,
3ahs,
6fpc,
4lvi,
2mgk,
4cow,
6eeo,
3guc,
6cyw,
4k46,
5pft,
1pua,
2dqd,
1wme,
5c3n,
2cmg,
5csz,
4yeq,
1j15,
3lxl,
3pd9,
5z8p,
5ezj,
3wl1,
5h2k,
5y00,
1rtt,
5b53,
4utz,
1uip,
1ym0,
1lmb,
2or7,
6f9i,
2fx9,
1a8m,
3hru,
5vzo,
6o5x,
5zcm,
4cy9,
5lzk,
5aos,
3rzy,
5fnx,
5sze,
1sjw,
6bil,
3su1,
2d1b,
1vst,
3mwr,
5bxz,
2zfy,
4dm3,
2f84,
1gus,
5tl9,
2pa7,
1c90,
1dtd,
3ggw,
6g0i,
1f50,
2rgj,
5udg,
1cwi,
5uwm,
5vck,
6ai2,
5ghw,
6ppy,
3txb,
6mjh,
1ikt,
5dsk,
3mds,
4zcv,
5kc0,
1rfg,
2xxf,
1fap,
5xub,
2fmd,
2glt,
1bu3,
2qj4,
1n2z,
5p1h,
3qby,
2gpm,
1srj,
6ekj,
1fil,
4fl3,
4rqr,
1byc,
1vgm,
4wat,
2wkg,
6jv1,
4qln,
2opy,
1qx8,
5tbe,
5ll4,
4cer,
3qvy,
3rx2,
2wi3,
5pa6,
1i22,
5m29,
6g3e,
5mqi,
3f71,
2xcm,
6br3,
2cpo,
1c77,
4j9t,
3jtb,
1exu,
5fmv,
4w51,
4tqx,
5xtj,
6ac0,
5vzb,
6g38,
5iey,
2g77,
1krc,
4qyp,
5un3,
2rdc,
4pvl,
6hyg,
1cdw,
1bdj,
4it8,
1htl,
3kxl,
6k4x,
4y3m,
2b9a,
6eun,
1glp,
6q9o,
4r26,
1ia6,
1iqk,
3m78,
1t27,
5c84,
4oja,
4toi,
3bk3,
3wh6,
3c6e,
4lg7,
1sb2,
5vjy,
3bw9,
1okb,
2d5x,
5pta,
4km3,
3nt7,
6rqq,
6agl,
1fhn,
3b6j,
1r3r,
6cf3,
1o3m,
5b52,
1n9n,
3fp7,
3s2j,
5k2q,
1jue,
5t1h,
6mtr,
218l,
1jiy,
2zst,
4n49,
2yfu,
2evc,
3eyj,
2z1p,
4c1c,
2ib0,
1xd2,
5cwh,
1l2t,
1njs,
3waj,
3o6o,
4pqe,
1t7j,
3bz0,
2vko,
1e40,
4neq,
3zmd,
2y1e,
2v5w,
2hnu,
5k2r,
4r2b,
4nd4,
3ep4,
6bld,
2j6z,
4jnb,
1f12,
6g6l,
4k4q,
4awt,
1pc9,
1kyp,
5hzm,
4gv2,
3fxs,
1ihv,
3psw,
2xv6,
1rci,
1yja,
4ozr,
1hot,
4npm,
8mht,
4yuj,
3obr,
1qsa,
2qst,
3rf7,
3okh,
1eyw,
3jxv,
3ifw,
1zd7,
2vt2,
2v23,
3qik,
4y2o,
5mbj,
5zef,
4q0x,
3vhq,
4gwl,
3u3m,
3fvz,
2gt2,
6mi6,
2ziu,
5pwt,
3kxo,
3iwe,
4ngj,
3fun,
5nq2,
4uw4,
3urj,
3syp,
6ncq,
9ici,
5euu,
3l3n,
5vua,
5m9q,
192l,
3m88,
5lxc,
1s83,
1fto,
4i8z,
1ggg,
1zp8,
6n6v,
6mwy,
4xue,
6ai8,
4b5f,
1b0b,
6si2,
5p3l,
4lya,
4izt,
1zqe,
6qj5,
1bau,
4ot6,
3azc,
4m32,
4jr0,
4xay,
2qmm,
1urd,
3jxd,
4mej,
6d1h,
3idh,
174l,
4s0u,
6ajm,
6i7x,
6n6w,
2qi7,
6iiy,
4hhb,
3bqz,
4bvm,
4otn,
3d3r,
2nt9,
2xn6,
4goc,
3kna,
6nvg,
4z8a,
4wqq,
6frq,
3aei,
5y7r,
3s2y,
3pf5,
6mhe,
4fn0,
1n08,
1k6f,
5wtg,
6frw,
3q72,
5cj4,
6e3t,
4nry,
3n2t,
3th3,
2gns,
4dsd,
3uzo,
6h3k,
1w56,
2y5j,
5m0b,
1hew,
4uuw,
5p6e,
3t6u,
5j4o,
4lrj,
1zgs,
1vvc,
1ssb,
4auv,
6i5w,
4qqq,
6czg,
3u6t,
3ghy,
6g7v,
4oc0,
5c8n,
1p63,
4dhw,
4if6,
2xx0,
4u5w,
5zy5,
6quv,
4x86,
2vq1,
1vjb,
3gwe,
4n05,
3zjm,
1atr,
4zeq,
1z94,
3aok,
3kd6,
1aqc,
3op7,
1eey,
5e6o,
3b73,
1akk,
3rv1,
1s4y,
2det,
2dth,
3sh9,
1lq1,
4yah,
4e9a,
2y6k,
4fbi,
4pkv,
3mrc,
1ank,
6bgk,
2jad,
2z0e,
4b0z,
5y2d,
3zqn,
2r23,
4lq2,
6a94,
5p81,
6p3y,
2c4w,
3k0q,
1fmo,
1gvk,
6g4t,
3sla,
1xka,
5lz7,
4f6n,
5ih4,
3rgz,
2dft,
4o16,
6lc1,
5mqo,
5g4s,
6ruh,
4uga,
1ize,
5drd,
4r4t,
4m8e,
4ajt,
6sbs,
5z8o,
2xwv,
3qjs,
5h8x,
2xvx,
5kle,
2p7i,
5cfp,
3i0d,
1k4t,
1hca,
6coi,
6pa9,
2hfj,
1oll,
1h1o,
5z5v,
2xpe,
5wej,
2wja,
4o7b,
3uok,
2uw5,
2wqr,
6mkr,
2fkl,
4fzm,
3d7m,
1cgp,
1t4e,
6j0q,
2rs1,
5o7w,
3vcf,
5hnq,
6d3z,
4gk8,
3q0b,
2kzm,
5z9p,
5ps0,
1s01,
2oj3,
6c4u,
4l21,
3mo8,
6mxo,
3npn,
6p5f,
1krv,
5f3q,
2hj1,
3rvx,
2hx0,
3moy,
2pgg,
4pvn,
3w72,
5z8j,
5cbv,
4uu9,
1p65,
5vef,
3q9u,
3ngz,
1qll,
1ho3,
2qpp,
4dvh,
1eof,
4jr4,
1c6j,
3wis,
6eko,
4e06,
6rhw,
1ymt,
5dn5,
1bjt,
4w8e,
1wov,
5utp,
5jf4,
4wla,
3bd9,
5qm9,
1ny1,
3fw7,
4hj8,
2iq0,
5ihc,
1lib,
1z73,
1lca,
3pll,
3eu0,
2cvc,
1nwc,
2rb4,
2ouq,
4cca,
2aeb,
5xb0,
5nz4,
5zxb,
5cm3,
2eib,
3m6h,
1ujb,
1b7p,
5dzq,
6emu,
5p58,
1vpv,
1jpt,
1e64,
4ylk,
1tn2,
5a9w,
5zil,
3hwd,
3aqj,
6q8g,
3lh9,
4chj,
4qdt,
6e6c,
1qgv,
3rzl,
4jdf,
5kot,
2dkk,
1p7s,
4lah,
5pza,
3i0p,
4yi7,
1ykz,
6mav,
3usg,
6nkp,
5hz8,
4h3x,
3ay7,
4zpa,
2po1,
2z2z,
3hhi,
1dde,
1t4f,
3dab,
6fv4,
2z3g,
2g41,
2fdo,
4l4h,
6r9i,
1l67,
1p3e,
2vk5,
3hmh,
6s3j,
1w5b,
1y3w,
1ovo,
4qo9,
3pra,
1aem,
1pbt,
5hgi,
4s2i,
1h7n,
2gw0,
4k4d,
4pod,
2r47,
1obv,
3sp9,
3h22,
4mq3,
3m0g,
6i54,
5lnn,
5om2,
2en5,
2flt,
3wan,
6q0i,
1nza,
4ypw,
6fnf,
3qal,
1eyu,
3upr,
5yda,
4nzm,
1xli,
5jrz,
5yha,
1pyn,
1t91,
2zem,
4hzm,
4xuu,
3i0v,
2bbc,
1u2l,
1az4,
6dy2,
6dms,
5oj8,
4mr1,
2bz8,
6j22,
2bu3,
2yok,
1q2h,
2jjq,
2a2x,
3owk,
4tsn,
6r3j,
2vi6,
3fb8,
4mdx,
1rem,
3s38,
2bk9,
4zbr,
4laa,
3h7i,
1kem,
6cjw,
5eww,
1b1a,
2x8z,
2ypm,
2a8m,
168l,
3w13,
2hr1,
1m55,
4wkc,
5mk5,
5v5z,
3t3k,
4g6c,
2gh9,
1fqo,
3k2d,
2e01,
6v61,
4uy4,
3hxu,
1xza,
3rm1,
2wll,
1ieg,
4fdv,
6b53,
4i8g,
5lwm,
5avh,
3pu9,
5kfg,
2puq,
5u42,
6gh7,
5zi2,
5hz7,
4ntb,
5hq6,
2v2t,
3ppw,
4yo2,
4jj9,
6b74,
2v2i,
5imt,
2vpj,
6cmg,
1az8,
6oxu,
4xzk,
4e3z,
1ypk,
6e03,
2zps,
2orx,
1kh7,
1v18,
1wz9,
2fsj,
1l4k,
6v2d,
3ciw,
4pfs,
3jtg,
3c0p,
3rmo,
3ogj,
6qd5,
5ffh,
1n25,
1usc,
1yet,
5aov,
3bm9,
3nph,
5xhw,
4g1g,
1vfz,
5uqk,
5h85,
1h65,
5qk4,
3br6,
4am2,
5cg9,
1psd,
2qhy,
5pm9,
3pyp,
3kgu,
3rsl,
4mgq,
5fai,
5v8y,
5vo0,
3wpg,
5clk,
2jfz,
4zi8,
1gt6,
1thu,
3nqf,
3nrc,
6ozy,
2on7,
1zha,
5bzm,
4dpa,
1i3h,
2a08,
4p16,
4i7n,
3f4g,
1eyp,
5o72,
4xb7,
1yv5,
5nim,
2bqo,
6hql,
2gpb,
6ugv,
6kao,
3q7x,
3nyr,
1jzn,
1a8s,
2vh3,
2ghc,
4nfy,
3n28,
6o7y,
3epy,
3rth,
1k7v,
1yw7,
1xrg,
1zs7,
1qpv,
4yzj,
5hnl,
5zt8,
2e1e,
2c7p,
4bpr,
5o10,
5pee,
1zi4,
3vrn,
6o9y,
4idy,
3tkw,
3pec,
6cb8,
6i3t,
5ozl,
6nki,
6fue,
4li5,
4dkt,
4w9w,
4j8z,
2fg1,
5eku,
1csh,
1xox,
2w1f,
5fzq,
6gnk,
3bj1,
6nt6,
3gkz,
5ajb,
2bzs,
2p5i,
6hd9,
5c7y,
2e6m,
5ig0,
4rbt,
2wl8,
4aiy,
3e0k,
4aha,
3pxz,
4hwl,
4oe9,
2bu8,
3onj,
5icz,
1nk7,
3l1k,
4udd,
3uiw,
2hp2,
2gqu,
3ai0,
1pyw,
5jl4,
1ioq,
4knr,
2ojp,
5tto,
1n3a,
2cbg,
4aqe,
1my7,
2h48,
3kbn,
6mel,
3g2o,
3exc,
2pye,
4i5b,
1cyy,
5f0h,
2aqw,
5wun,
5p0t,
4fem,
1mlj,
5e8h,
3akf,
4ngq,
6dy6,
4bm5,
4jpp,
4cn5,
1vsb,
2x4q,
2dej,
6dfa,
1dz8,
2bs7,
6qsl,
2pw7,
3vso,
1u3v,
2g16,
2fn4,
3cgi,
5bvi,
6upp,
6oa1,
3mqo,
1c6d,
5m44,
6cq2,
2wp0,
2apl,
5qht,
3bfa,
2pf0,
1lpd,
4mrc,
4rof,
4hxf,
3ped,
1ws0,
3nn9,
1wef,
6cq6,
5dgz,
2bpd,
1m7z,
1dt2,
3s4y,
1dtw,
6o1x,
1dh3,
1ht0,
5lst,
4ofg,
2w4e,
2xl7,
2hwa,
5c04,
5vkd,
3lqu,
1h7k,
4ndm,
2rk6,
3mtu,
2qa9,
4nyn,
4jkx,
2qw0,
5mfq,
1ldp,
5gz4,
1k2r,
1sd6,
1ur2,
3v7y,
5ouz,
5brl,
3g36,
5po1,
3btz,
1i8t,
3arb,
2nns,
6gk0,
3lqn,
1ouu,
5z7c,
5khz,
4hh9,
2bfx,
1aeu,
5ldi,
4n5n,
3tjo,
5ox6,
4w4q,
4k8u,
5ajg,
5k84,
1w2l,
3opk,
5n87,
2ogq,
2exb,
3ucf,
1ony,
4rk5,
2fvx,
3hgv,
3bz8,
6l8k,
3koj,
1m2k,
4v24,
3ojd,
4lim,
4wo7,
6bfk,
2zbx,
5y9j,
5hk0,
1csm,
5n4q,
5piy,
4kuj,
4i0s,
1tby,
3c2i,
1ky3,
5dqb,
3pam,
1fq0,
3mzt,
1jny,
2hkf,
3loa,
2c18,
4mus,
4ht0,
4jq8,
1qrr,
5nai,
4j30,
6dkn,
3iho,
6pm8,
2ra6,
1fu8,
3eke,
1l0k,
5e1d,
5b2k,
6ad5,
4iff,
3owu,
4m2l,
4boh,
3zqx,
1fj0,
3gog,
2ete,
2c59,
3b23,
3a4d,
3t9h,
1bxo,
3cgf,
2izv,
5pv3,
6iv7,
1rfb,
3pgu,
1gr0,
3nmq,
5zzk,
3kei,
3qpv,
4ov2,
3rn2,
2bdn,
2v8j,
6dce,
5tif,
6jt3,
4y9h,
3g51,
3icl,
4y5k,
2zb7,
5kdo,
4o7h,
5zgx,
4tra,
3ski,
4dap,
1ru1,
4c6p,
1bi7,
1z5g,
3k4k,
4owb,
5j1z,
4gqd,
1e2d,
3d0s,
5b70,
3f8l,
1l2c,
1ub3,
1rdz,
1m85,
1zei,
3zeb,
5wca,
6fjz,
6p3o,
1sbw,
5yra,
3jr4,
1cuy,
2ocw,
6izb,
2uwx,
2zmh,
3a0i,
5g24,
6rsi,
6fvf,
1dje,
1d9g,
3wuv,
4o0j,
4ko6,
2p26,
6ojb,
1kfd,
3ww9,
3otm,
6hje,
3tl0,
1euj,
1pi3,
3k0x,
4o6t,
4bv5,
4uid,
4pus,
4zqw,
1ayf,
3s4x,
3pkl,
6dn1,
1c2b,
5u4d,
3heb,
3k8u,
4aoi,
3ljg,
5m5u,
1evs,
4qp8,
6gar,
3fmj,
3w6z,
4rw0,
6v54,
3bzr,
6no6,
2gvu,
2wn7,
4b7d,
4n72,
4qtu,
2qcs,
4dan,
1ojt,
4mdg,
406d,
3a9u,
4cp3,
5yib,
4eal,
5v9g,
3rac,
5pvf,
1ntp,
6n3l,
3wwa,
2ghk,
4k32,
4i9s,
2adv,
4iw8,
6a4t,
5vfn,
2a9j,
4cvj,
3a2q,
4b1g,
3spk,
2zxt,
1oz2,
3bfi,
3oek,
1g2d,
5clh,
6ga2,
1xl3,
4udb,
4jzt,
6jbd,
3vfm,
6udf,
5ep5,
1zpq,
3d20,
3m7h,
3fwe,
4iod,
2iwi,
3od5,
4zw0,
6jc3,
4m1a,
5dr3,
3u7g,
3a42,
1iwd,
6od3,
2wyx,
6evn,
5znl,
1dd9,
1drt,
1ydb,
3rh5,
4jwq,
2phy,
1xca,
2zi2,
1ltv,
1o4u,
1hrh,
2w2t,
3aky,
5ppg,
5aks,
4qxi,
6h5f,
5qqm,
6n3h,
1rfq,
3uat,
1fxr,
4yxs,
6r35,
3m7v,
5i03,
6h3d,
1mdo,
2rhz,
5hym,
6nso,
6rek,
6hh1,
4f3v,
6i7h,
4a05,
4msn,
1umr,
6ey1,
5a9g,
5cbu,
4qah,
1m1u,
3vzq,
7icj,
4xwf,
1dpx,
1irw,
5d0y,
1mzs,
3vh3,
5lbv,
4pro,
6e55,
2eb0,
2p95,
4z4z,
1teq,
2hw1,
2c02,
2y1p,
5hdz,
1l1r,
5wm5,
3szp,
2it5,
5glt,
2xxk,
2sod,
2o1j,
3h13,
3ib4,
6np6,
4x7f,
4psk,
2i4e,
5xst,
4olx,
1oc3,
6f1k,
3a9l,
3owr,
1t2i,
4x22,
1vco,
4l82,
1yxv,
4yjn,
4y4v,
4pzr,
6qok,
1uj5,
5tk7,
4bu1,
4x2v,
2jej,
4ofq,
2jj3,
5z7e,
5wzs,
3tl2,
5idq,
4dot,
1ovr,
1znj,
5zg1,
6q8j,
1bt9,
3ph3,
1e6f,
1vcq,
5pjh,
4iza,
6gdw,
4o90,
2py0,
4ywc,
2wa4,
6ev9,
8cpa,
3bl4,
4lvj,
1qwg,
2yyg,
3ur1,
1di7,
3ljk,
6cpy,
2x65,
1erq,
5ceh,
2q8h,
1xhy,
3chj,
3pqz,
1eq8,
5x7l,
3o7b,
3syk,
3pe6,
3skk,
6cw5,
4zn3,
1gh5,
6glj,
1mij,
2hdx,
4p54,
1qcz,
5qnl,
2bpp,
1obt,
5ebd,
5f29,
1gsh,
3l7x,
3kw3,
5wy2,
5mji,
1f0s,
3shp,
5mfk,
3ca0,
6irc,
3ndi,
4hk1,
6d91,
3vnn,
4ru9,
2zoq,
4n5l,
1td4,
4gbi,
4xkb,
5lz4,
3qrh,
1lun,
3h9n,
1ip2,
2ddc,
1swf,
3ra5,
3oa3,
5mvw,
4y4b,
5qqf,
3lht,
4l0p,
2vh1,
2aif,
6dq6,
3a45,
5ibv,
2eo8,
1x7o,
3o39,
6d61,
5jtt,
5ofm,
3ihi,
5j64,
4qb2,
3gen,
6g2z,
6cww,
3q0w,
2wuu,
2qq6,
3dg6,
1yms,
1rhm,
3isp,
3shz,
3iww,
3b8k,
4gnj,
5t3i,
3qqb,
5alv,
3ogw,
2xtx,
4zdg,
2vvw,
5c82,
3vkk,
2b00,
5irb,
5iod,
4zbw,
2et7,
2enu,
5umk,
6g1t,
4kad,
4knx,
1bj8,
1ocb,
5duj,
3tan,
4nnz,
1txi,
3uio,
4igy,
2w9n,
3hjz,
3m2t,
3ol4,
3a69,
6or1,
3a9b,
5a3v,
3axt,
3njs,
6iig,
4czc,
1r0s,
5q72,
3hjr,
3ia1,
3wro,
5q1l,
2nm2,
5ae4,
1a48,
1qr1,
6i85,
1ql4,
5i2u,
3g3c,
3i8t,
4lc6,
3r0t,
4hv0,
3svt,
6kbm,
5ort,
1lph,
1w41,
3fzw,
1o0w,
5sz9,
3w4o,
2ajz,
2i2z,
2etm,
1uh8,
4b3x,
3t9l,
2h8e,
3fou,
3hkj,
4lym,
1yzr,
3b9u,
4eir,
6no0,
2vek,
3lg7,
1dua,
2rao,
4f7d,
4n06,
3iv9,
5a9y,
1zwh,
5u3i,
1byl,
2bq0,
3iiu,
2wdd,
2hvw,
1kj4,
5d9l,
1e2p,
3mwn,
3fon,
1dff,
3k3g,
6fzs,
6hf7,
3tl4,
6o8h,
6ju1,
2zol,
2r9s,
4don,
2cju,
4b96,
4hmu,
4ql8,
3myb,
5cmr,
1ua4,
3oxh,
4rlv,
3f7k,
2reo,
5zqq,
2noi,
5ty0,
6d3f,
1xq3,
2bmi,
3dfj,
1c9d,
1kca,
1lhf,
2g98,
4qd4,
6laz,
3q8a,
2bx4,
5ido,
5cmb,
1e2h,
4rvw,
2cm4,
3w32,
2fm7,
4px6,
3imd,
3ia9,
5tl6,
5na7,
3gkk,
2jac,
4yo1,
4hp1,
5y5c,
5qm3,
1isp,
3o2p,
1wbu,
4jyq,
1f3o,
3njm,
6mbt,
5hyo,
3nf4,
4xri,
3fw9,
2ria,
4xgq,
1bwd,
1hbj,
2rca,
5of1,
5p2i,
5ny1,
5o56,
3bqe,
4orz,
3oaj,
4gjt,
4frp,
5cs2,
3kpw,
6phs,
3gqj,
5cp5,
4hof,
4r8y,
1h9t,
1zdk,
2w6o,
1po9,
1jt5,
4wl4,
5oz7,
2fu8,
3kg4,
3atm,
2fnk,
2toh,
3oy5,
3mqc,
4yj6,
4z5c,
4u5i,
2y5s,
1uxj,
4h8a,
4h90,
2ntr,
6bgb,
5vyy,
3qvm,
5lyp,
5hb2,
1zsd,
3nvt,
6p8h,
5o63,
3h0i,
1ivg,
2pt5,
2f7e,
5ndi,
5jho,
3te6,
5g65,
1b56,
4ibr,
1j74,
5awb,
6g5b,
3jyr,
2p9d,
3c96,
4nn7,
4kab,
1ttb,
3twr,
5csj,
2dwk,
3rmf,
4ywn,
6f4e,
3usx,
1d7c,
6ptr,
5j1l,
1k2p,
6s1y,
3o3q,
5lrd,
3tne,
4pll,
1y3u,
2xde,
3gmm,
1nb2,
4ods,
3a4a,
3fsb,
4lsq,
4cob,
1xh3,
1dlg,
1kv5,
3mhk,
1bug,
5dz8,
4xfw,
2pfq,
3cy3,
1vpr,
4al3,
2iat,
4qrj,
6ad9,
2a9u,
1y37,
5z5h,
5dpm,
4uzu,
1bob,
3m4f,
1qsn,
3fwz,
2ebo,
4ef0,
1fvp,
3p5h,
4m8r,
3ls5,
3l1i,
1krh,
5akw,
4o7q,
2g9v,
3ily,
3pme,
4brj,
2d1x,
1s0j,
2rh4,
1m0m,
1c79,
2pxv,
6hqi,
5vzf,
2afv,
4xxj,
2nlb,
2abs,
3cjy,
2hq6,
1s2n,
3iob,
2hk6,
5gnp,
3p54,
3p7q,
5jin,
6j1s,
4ru3,
2e95,
1fjo,
3q4b,
3jzb,
4ii8,
2ki5,
1hhq,
1kk6,
4y93,
4emk,
5lhq,
5fi1,
2w1w,
1nna,
1vj5,
4nae,
4wxr,
4e5l,
3iol,
1thk,
3toi,
4dx1,
4o9b,
1lvl,
6ceo,
4cfz,
3i6j,
1u3e,
4dg5,
5qsl,
3b7s,
4qdm,
4lo0,
2qw8,
1ku2,
3hxq,
3o3h,
1ky7,
4lwc,
5k7f,
1oj1,
4jwp,
3to1,
4rgr,
5hv0,
1bdr,
1ndm,
3a1y,
4aqt,
4b9t,
3ktf,
1ukz,
5f4b,
2j4z,
2dmr,
2gph,
3r5u,
1urw,
2xei,
2h3n,
1ppd,
4ltu,
3evi,
3fvi,
3wkp,
5cnh,
4abv,
5qk6,
1qr0,
1omr,
4yme,
3d5x,
3wv7,
6ftu,
2cd2,
3o8p,
4af3,
5plt,
3npz,
2g4j,
3nul,
4yuh,
2cxc,
4ohr,
4qty,
6nr5,
5hll,
3s95,
4bcj,
2p1f,
6kkb,
1bcr,
5e5p,
2h26,
5yts,
2vn4,
5jkg,
2isz,
1dbh,
3ab0,
1kk9,
4c3d,
6ugx,
6afd,
6nsv,
4rr4,
1sor,
5zdo,
5fqo,
4zqo,
1zsc,
2fn8,
6dk3,
1sly,
1rha,
2ra3,
1eml,
6n37,
2yss,
1nqg,
6o7z,
1ohe,
1qz5,
5vmo,
1hek,
6p2c,
4djp,
3qhd,
2ce4,
6gcb,
3ajz,
1vc4,
3hjx,
1g43,
1ue6,
5ksx,
1t25,
1v8x,
2cko,
4qth,
4nsh,
5gnt,
1gx2,
6auj,
5a81,
2y0j,
5tzr,
4drr,
2v3t,
1l29,
3c6a,
1zan,
3jv3,
2oql,
3swx,
3i05,
1ipw,
4kal,
5hxs,
4eb0,
3sig,
6b6m,
1kwr,
1h97,
1j5u,
3kn7,
4jvc,
4oqf,
2spt,
3kkf,
3mbl,
6avs,
1rwk,
1f9s,
3b94,
3d5s,
1ov5,
4wun,
1o9g,
1rzc,
3oml,
3pf8,
5qgk,
3zs2,
1cll,
6b6t,
4qaj,
1jnt,
1rzw,
6ctt,
2nly,
3ftd,
5klt,
5cyz,
4fz5,
5ahl,
1rr6,
2wcx,
1g6i,
3zqb,
1v16,
6u0i,
3mk1,
2o08,
5b3k,
4j8o,
6iwf,
4qqh,
6e6a,
5bp9,
1uiz,
2h2c,
6ew8,
4m74,
4fxe,
1agi,
3olm,
2i2a,
3bv8,
5eox,
2br6,
4uvl,
5mot,
1wnc,
4dt3,
5v6p,
5ovu,
5jf7,
4nbk,
6qdj,
1vds,
5xwl,
2flr,
1l5t,
2pa0,
6qwt,
6qas,
3sda,
1xat,
5n8a,
5we2,
1rcl,
4gk5,
5ffx,
5qtq,
1hem,
4rch,
3eyu,
4rkj,
2cne,
5a8y,
5kad,
4abq,
3pou,
1wsz,
2cjy,
4tms,
1fq4,
2bw4,
3lrn,
5wbm,
1exj,
1dle,
2h4y,
1t69,
5bvt,
5q8y,
2hfc,
3udr,
4x8s,
2c3g,
1u98,
5q85,
5h67,
1y6t,
3i1y,
6i98,
3c07,
5l8i,
1soq,
1dq6,
2yqc,
2bfv,
1h9j,
2hwl,
1ay6,
3d1g,
4gj3,
3x1d,
6a5d,
5q3s,
2pc5,
6gxy,
4xb0,
2hrs,
2b1h,
1w98,
2j6m,
4n17,
4odx,
3tqv,
5yl3,
3tg3,
5lv5,
2xr9,
5nib,
5i57,
6qn9,
1dj9,
5apg,
4dwl,
6h7d,
6mla,
5e68,
5cf6,
3jr7,
3fdq,
5clc,
5q9p,
3mhw,
5xws,
4ppy,
4g08,
3zpj,
5t25,
3eyl,
1cfq,
5q2w,
3qzc,
6izm,
8aat,
1ro2,
4b9s,
1ahe,
1vck,
5vtt,
2ota,
6hip,
3ttd,
1bib,
2efg,
1xkp,
5c12,
3hg6,
4rp4,
6pkf,
5qn9,
1jwq,
6qo1,
3a7f,
2zwk,
5tiz,
2f6h,
5wiv,
3umi,
4eys,
3nho,
4io6,
6bse,
3wp5,
1v8l,
6mj4,
1o9n,
5eht,
6svz,
5c15,
5efd,
2oah,
5gpd,
4djj,
4mof,
3l2l,
3r38,
5zn0,
4ogt,
1rcv,
3hsr,
4bwc,
5te6,
6hap,
1vip,
1ry8,
3pwk,
1m2j,
3r9h,
1tky,
2rdm,
5ff3,
4pan,
4bf1,
2hnx,
5e5y,
4o97,
1ejf,
4qu1,
1nva,
3w8l,
3ida,
3ubd,
4hq6,
3pzk,
1i4e,
5hmm,
4l07,
2efo,
2xm4,
4j51,
4x01,
4tww,
6i3u,
4n5i,
6pa0,
3kas,
3d3d,
1els,
1nn2,
1rtm,
5o6c,
4g5j,
4dvy,
6ncg,
1jg4,
3fp8,
5yaa,
1lhi,
2trs,
1dzt,
4opz,
5khk,
2gww,
1uck,
1b0a,
4mcq,
1svz,
3sr1,
1qtn,
4hsx,
1r9x,
2vei,
1k5s,
1q3i,
2ddd,
6ef6,
5xcy,
5vj7,
3ati,
3st0,
1ah0,
1tbx,
5g0b,
4qzs,
1e5t,
1lih,
6okj,
4m4g,
4d1z,
2gx6,
3c9g,
3wuh,
1fqg,
2duo,
1n55,
1q66,
1r3q,
1gy6,
5yrk,
2qh7,
5aur,
5wmp,
3tkb,
1emh,
2opd,
4atg,
3bqg,
5pj8,
1ulc,
4kei,
2xsx,
6i3h,
6hur,
1mqf,
6taa,
3deu,
5zus,
3oyw,
5b2z,
4ncs,
1b4e,
3wmu,
4yvi,
3k48,
2ebg,
3whi,
5hyb,
5q3e,
1jvi,
1fnz,
1op9,
1amp,
5di1,
2oob,
1hai,
3d2m,
4tkd,
5y8k,
4gq6,
2j4b,
2uy9,
5tdn,
6miv,
1ct4,
4oey,
2ol3,
1vag,
5c9w,
2olj,
3cu5,
4qim,
2hx7,
5lcf,
5vkr,
3bhk,
3eul,
5gr3,
4kz1,
1ear,
2zgu,
2qpj,
6r4m,
1ons,
1ez3,
1s0z,
1w5m,
4o1y,
5px0,
1lqo,
1ent,
1fvr,
5kus,
4ocj,
2bkm,
4pzy,
4ar9,
1m52,
6kty,
3rjq,
6svx,
1i89,
5h82,
3oms,
6t2h,
1ftf,
4l2j,
3fa5,
4ehx,
4h0w,
3g4e,
1rtu,
3pwe,
3wqg,
1xa8,
3gmr,
3ps3,
4exk,
5tn6,
4ee8,
1nvs,
4clq,
5n95,
2ows,
4uve,
1tsi,
3d11,
3six,
1duy,
4cne,
3l94,
6gga,
5f08,
4h8o,
4jxh,
1hyz,
1bo4,
3qs4,
5lif,
3eu4,
5ay6,
3khe,
2qwv,
1tqc,
3hv1,
2jd4,
6f96,
2b3t,
1zi1,
3g7t,
2hhz,
3m8b,
5orm,
1e72,
3d2j,
5elj,
2o7p,
4wzl,
3ka6,
5w2k,
3mvm,
6jbo,
4oxm,
3eqc,
3hs4,
3u2l,
1tys,
2oz8,
5eoc,
6fmp,
6mw4,
5c5u,
3uv6,
5pca,
5ujc,
3qam,
6v3i,
2pmq,
6fun,
5itj,
3uj8,
3g6x,
2ixh,
6kcj,
4zmq,
2bfe,
1tp6,
4oi9,
6qlh,
4q9p,
4rlt,
4h29,
4mo2,
5aeh,
2w2a,
4liv,
4p20,
3psa,
4kaf,
3ruu,
2ns7,
3odf,
3voq,
4juu,
5ez8,
3sv1,
5a0m,
6npr,
1dsb,
3f11,
3vc4,
5h4h,
6oag,
2w5p,
4ehh,
2zs1,
5hi0,
5v6s,
5wof,
4fqa,
4g27,
6ap9,
5jj6,
1u7p,
3ipc,
1crx,
1bss,
3sgk,
5wo7,
3fz1,
1kel,
4ehw,
1myt,
4o64,
3em3,
4y5s,
3b1u,
1duc,
4aom,
3jw8,
6mgd,
1bjr,
5qij,
2wqi,
4kp2,
6eix,
2zj6,
5igt,
6as3,
6n6h,
3srr,
5p0c,
3fy7,
4l09,
1lnm,
5djm,
3rjh,
2brm,
6ey4,
4qi0,
5pbg,
4o8a,
2dy1,
5b1u,
5e0z,
6oht,
4ncz,
4u5s,
1ku7,
3jte,
3t3d,
5p73,
5dig,
4yvg,
1tqm,
1msc,
4ggn,
2vux,
5niv,
1hav,
5t57,
3asy,
4izd,
2r1h,
3m9x,
1jye,
3qox,
6hww,
1ssg,
2r1v,
1pvh,
6hi3,
2xb8,
1c5z,
1xlf,
5orh,
4lbq,
4nxb,
4d63,
2ik1,
6rfn,
4xom,
4hqm,
5tf1,
1c8l,
1f2i,
5lbg,
6hy4,
1wnh,
3hto,
2c40,
5jbo,
2cs7,
4rml,
4yld,
5tm8,
3zd1,
3zxn,
1r6l,
3mxp,
2imn,
1mnb,
3vnr,
6q85,
5jn2,
6aaq,
4xu5,
1gvr,
6da7,
2xrd,
2i6p,
3s5y,
3guq,
5g5u,
3cr1,
5csp,
2xvy,
6exe,
1pbv,
2r73,
3c2f,
2wut,
3ekw,
1zpz,
4rmm,
5d7k,
1dqj,
2jcn,
3kpj,
4h9j,
3atu,
1pwo,
1t67,
5v24,
4et0,
2f0e,
4q62,
1oiq,
2v9k,
1fgy,
6c1j,
3shl,
5x9q,
2f6u,
3szx,
2nmn,
4dzr,
3f3b,
5alw,
3b7w,
3t0f,
2mb5,
2bva,
1mjw,
3cag,
5km9,
4qod,
1bk4,
5y5q,
5p1u,
3rh8,
3phj,
1xiz,
5hyz,
1z12,
3gs3,
3usw,
2cbl,
2jim,
4i5w,
3rgr,
3niq,
4qbv,
3cd3,
5uj0,
4gm4,
3pzb,
3f9g,
1l77,
4ynx,
4c2h,
3km6,
1wsw,
3i0e,
4ivc,
4m8q,
4n37,
1yn8,
4x9k,
3ojm,
4tyl,
3ip2,
1hkh,
6r1e,
3wec,
2x7t,
4ae3,
6hbg,
3pvk,
5jdq,
1xg8,
3oph,
6mt2,
2afc,
3icp,
5op9,
1zvp,
5aly,
1ild,
3c5q,
2zfs,
3kmc,
1o6e,
2wwh,
6frr,
1e87,
2p7t,
5p1d,
1gjy,
1x89,
1jzw,
1pl5,
3axa,
1s2e,
8icx,
1su2,
1x1i,
6eln,
3hgs,
1lnx,
4mcs,
3c1q,
4auu,
1k1i,
6i73,
4gqw,
2ojz,
5b5y,
5yba,
2hjl,
1ezu,
2qqe,
4xm6,
3gx3,
4wd2,
6ba9,
1suu,
5cu7,
4hlx,
5q0l,
4tt0,
3ioh,
2ihd,
5z35,
1omo,
5nhw,
2gct,
2cw4,
1qxd,
4psj,
2ykq,
4yr1,
3kst,
4qag,
1z8w,
3g4w,
2j4o,
5had,
5qkk,
5deh,
4d3f,
5x7d,
2r25,
5pyj,
2bsy,
1emd,
5btx,
3c9h,
6o88,
3qth,
4hy5,
1kxn,
1b7g,
2qfk,
4qxh,
1qf5,
1j6r,
3bhr,
3ahr,
2d8a,
3lqe,
5el3,
1d2g,
4blw,
2uuo,
4fgj,
3vmy,
2nwy,
5ypy,
1ajc,
3vi0,
5cde,
4qe3,
3bdp,
6q47,
3hxd,
6ps7,
2cga,
4r2h,
5i85,
5aie,
1kjq,
4mvf,
5v0a,
1ybk,
4hj5,
4z98,
3dhp,
3ox1,
4pad,
2ykb,
2v51,
4nw6,
5x4y,
5gnd,
4d4u,
5lqs,
3oj4,
3ote,
1wod,
2awe,
3uh8,
2dhb,
2q81,
1we4,
3aj6,
6isq,
5a61,
4d55,
4ilz,
3gpy,
3nau,
3m3f,
1n83,
3sc0,
6m9b,
4k1t,
1y82,
3u0h,
2vsa,
3sgy,
2pfh,
4jml,
5ysx,
2f2l,
6eih,
1idr,
1mqi,
3sfc,
4lok,
5zk4,
3pjq,
4nql,
5pg5,
6aiy,
3qq4,
2zsq,
2evv,
2ycs,
4owu,
3e2i,
4q21,
5dba,
1u2y,
3w2e,
1r8h,
2ipm,
2cj1,
4rb2,
5wzt,
5i8y,
5ilr,
3lh8,
3qcs,
5gpl,
2o14,
2w8l,
1xqx,
1k2x,
1nuz,
3dil,
3flw,
3q7b,
4rmr,
1xq8,
2hnw,
2zdj,
5t39,
6chx,
3ra7,
3bum,
4l6s,
4yw8,
5gu1,
1yyn,
4p3o,
4cub,
1phj,
5tny,
2af9,
3vh2,
6cxw,
1vjz,
4kex,
1e7i,
1yyu,
2h8h,
6i06,
2hk5,
1en5,
4tv5,
3tmz,
2olp,
1qhi,
2v77,
2vyq,
6cyy,
4q0i,
3f3h,
6d31,
5fzi,
4g9n,
5c9h,
4jbl,
5pjy,
6mpw,
5dog,
5zgw,
4aa1,
2k79,
5wm6,
4r6k,
5ktq,
1tnl,
4b6p,
4rga,
6dp9,
1kds,
2o8i,
3fkw,
4bjx,
4djo,
2poq,
5mi4,
6ft3,
3ami,
4z3v,
2bcq,
1n2a,
4j1v,
2pt1,
1tni,
1a55,
2omx,
4nm7,
5iw4,
5ugz,
3zze,
1rcw,
6unb,
3mwc,
5yy1,
4pbd,
6hq0,
6dpy,
5f5s,
4u2t,
4nii,
3c73,
5en6,
2fj2,
1apa,
3es4,
4enl,
3zg7,
4v04,
1ghs,
4jny,
1r85,
5vnr,
2drp,
1raq,
4lzn,
3fch,
5w0e,
2p8e,
3lvd,
6ip4,
3gbr,
2ycc,
3b26,
6e7f,
1v2i,
3b3r,
4otz,
5p59,
4ew0,
2py3,
1g3w,
4iaw,
6aaw,
5dov,
6akg,
4lui,
2p79,
4zfp,
4imk,
3aag,
6pfx,
4emj,
3oe4,
1lq9,
4pe6,
3rjx,
5z48,
6qwo,
1dgu,
5gui,
1asj,
5osz,
4rig,
5svl,
5kwn,
1v9t,
5b4h,
3szc,
8icl,
5upx,
1lqp,
5a9t,
2h5n,
2gs5,
6jar,
4lbd,
4ibn,
3kc2,
1fw3,
1hno,
1jal,
1l8x,
1xvq,
5pdp,
4jzk,
6ciy,
1qhf,
2iv7,
2b0v,
3qu7,
5h12,
2ppn,
4kv1,
5yce,
6k4e,
6ewp,
2r3p,
5noq,
5foj,
4luj,
5pml,
4n36,
6o4a,
5anz,
1fe2,
4ppu,
6f37,
3obp,
4yix,
6gxk,
2i9g,
4k79,
4rr6,
4buo,
1rcp,
4d5j,
6gk2,
2qu8,
1ovz,
5eow,
4noc,
5oop,
5q0e,
6sit,
3tk7,
1dos,
2v4b,
3b76,
1bt8,
1pii,
4nzn,
5hkf,
4b8n,
2grr,
2dv5,
2nze,
1bj3,
5lpm,
5ld0,
2uvz,
4ad8,
4m0u,
1t10,
4hqq,
1gjm,
6cw6,
4fal,
4zra,
4kae,
4p5x,
1vlw,
5gkr,
5y6j,
2bqx,
5ke6,
4dn0,
5dks,
5zh9,
5t5l,
3hdd,
1ddu,
4tzx,
3bt9,
1ex9,
5y45,
3dzc,
5n70,
5tn4,
1oza,
6ax7,
3j25,
3pks,
6r4x,
2zq9,
2peg,
1amm,
3ijs,
2gvk,
2cbd,
2j1d,
2g6d,
2rc7,
5dvc,
5puq,
6fpx,
6f4v,
5kj1,
4cl6,
4pk6,
5k5r,
6b14,
1zjh,
3pmn,
3vfo,
6new,
2cmc,
4wb2,
5eqi,
5bpe,
2nob,
2qtg,
3wmv,
4ld3,
4pu0,
1ykr,
7prn,
4z9k,
5il7,
2d2a,
1d8e,
2ieo,
6a7k,
2cij,
2yw6,
6c6e,
1bfj,
6bhz,
5ngv,
3t98,
2zop,
4ffl,
2pyt,
4cgh,
5y4c,
2xeh,
1y30,
6qwy,
1dn2,
1fmw,
2znx,
5vzh,
3dwa,
4i5k,
5j39,
2hjh,
2wfx,
6k8c,
3btp,
4mpf,
5nve,
6q21,
2ipp,
2gej,
6tyn,
1kf8,
1lg7,
1h8n,
5c94,
3byk,
3l38,
3b7a,
6rgk,
5lui,
1o23,
2vw6,
6edx,
1qui,
5mq6,
6i43,
3vke,
5jbr,
2gep,
1xyi,
5p2p,
2fiv,
1wru,
5i0e,
3eka,
5zbk,
2zyj,
5czj,
2zb0,
4g9l,
1kvu,
5pat,
3epe,
2anb,
3a61,
5vrj,
5j8m,
5qcb,
3mpd,
6if6,
3ftw,
1ejy,
5wlk,
3whq,
5nje,
4r4c,
5c2d,
6r3r,
3g7d,
4fny,
4ktx,
2vr3,
6i29,
6flz,
4r9z,
1hl7,
5zun,
4n28,
1g74,
1suc,
4gom,
5etm,
6fsu,
3i47,
6s9b,
4b9f,
3sw4,
3mt8,
2og2,
1ggi,
2c8y,
4ab1,
2igx,
2ztc,
2gcs,
3iu7,
5auv,
5cn5,
1hdt,
3r7m,
3esl,
1fsy,
2v8a,
3bgb,
6pdk,
4a9w,
3frs,
1h56,
3ric,
5if4,
1y0c,
5lx1,
4jz4,
2pd2,
5a5w,
3llz,
3kqk,
2f2g,
3tx6,
3cul,
5oir,
1w3g,
3o02,
4dzb,
5dj0,
3eva,
5vf9,
1uwz,
4k5v,
5uti,
1ovn,
1oen,
3qgi,
6st1,
4e27,
1i86,
2a7i,
4q9a,
6voq,
1ojw,
5wa5,
2hwx,
4zuv,
1htg,
5ait,
3agh,
3oq2,
4dnp,
1cuv,
1om7,
5ku3,
1b57,
2z3h,
5x88,
4bmx,
6pj9,
1uzu,
1v8n,
1stp,
5ibn,
3kz7,
1ixz,
5pzg,
1eb6,
5xta,
3v1m,
1h2s,
2v9b,
1xtk,
5ffm,
5nhh,
3ans,
5cu0,
1luz,
3ndu,
3fxh,
2b61,
3ick,
3ogn,
3ts2,
1j47,
3axe,
4of0,
5t9k,
6b9a,
5y7i,
4tq2,
2baa,
1rc2,
1ypl,
5tu7,
5qn2,
5b7n,
4yna,
6qn7,
6rvq,
4zpr,
3uiu,
200l,
4wn1,
4lzr,
4gox,
3a5i,
4f5y,
5pai,
1tff,
5jxz,
3v3x,
5mez,
3lxt,
3ht8,
1une,
1lo7,
6ra0,
3zou,
6n39,
2ex1,
3rjn,
2zpo,
4rl0,
5onc,
2rgi,
5ibo,
3d9j,
3pdn,
2hek,
5i4m,
4ew9,
4zsu,
2yll,
3lpm,
1zuz,
3s90,
5i3x,
4aea,
5oz8,
3zza,
4pfi,
3ihb,
5u2p,
2i72,
4pon,
2vo7,
4lwf,
4mcp,
5by0,
4l1z,
2q3x,
1b87,
4tqg,
4q5q,
4kdi,
3i8s,
1zvh,
3fjv,
6cdl,
3k5y,
5um7,
6o11,
4g2t,
1ojm,
3asa,
4zb4,
5hzz,
6gjs,
3mxs,
2ghq,
4ngg,
1xz2,
2pwl,
2yc1,
2gnk,
2xwy,
3rgg,
4jgu,
5mn4,
2xjc,
5i1o,
1h4c,
1bb6,
5vys,
3v09,
4lsw,
5g68,
2dw1,
6fxg,
1oqv,
2zae,
6r46,
1gfa,
6p1c,
5fe0,
3eop,
6jlc,
5nq1,
5w7l,
1itm,
4lax,
3qn2,
1ywn,
6eh5,
1c14,
3mr9,
4k0s,
3o27,
1oe5,
1o6b,
4bjt,
1vp7,
1d3u,
5mjq,
1ahs,
2oeu,
1ew0,
2rtl,
2trh,
5drn,
5vpb,
2zwf,
1wyw,
6n3z,
5b2a,
3vcn,
3l3f,
2kad,
3bzv,
3b44,
5di4,
1zvt,
5f1x,
1qz4,
1v04,
4dea,
3ld7,
5c6e,
1b6i,
4ccw,
5y7n,
5ugi,
3m1m,
1xqy,
5y8e,
6j7w,
4m6b,
3rgo,
3de3,
1slc,
2a5k,
5u5z,
3rji,
5a5f,
2fuf,
2wu1,
6gp6,
4djt,
1z70,
4ddh,
2hvx,
6fk1,
1l0s,
6jmv,
1zde,
1ind,
1r2d,
6sl8,
6ohu,
2oy7,
1tyn,
3p2d,
1biz,
2npg,
1lds,
3p4v,
2cx0,
3u2a,
1xcx,
6n5c,
6mr6,
2e98,
3h8m,
6fag,
3eln,
1d5w,
2b5z,
4uwx,
1oxx,
5yj9,
2pvh,
6a7b,
1azr,
4if5,
2ntz,
1i52,
3h86,
5foi,
1w03,
2d2h,
6ocq,
1w9k,
3l5h,
1aed,
5mza,
1pxt,
3fd6,
2ift,
1ge0,
4m57,
6fgt,
5km5,
4xba,
4d3q,
6bol,
3v57,
4cdv,
3o7q,
4hib,
3w6p,
4rys,
5iab,
6e9u,
1b8n,
2ukd,
5z2q,
3qai,
6g74,
2apx,
3cwz,
6cyu,
1btp,
1eae,
6oh7,
4zzp,
3hpi,
1afs,
1ub2,
3kdg,
2gih,
4p7k,
2npq,
4l2a,
3pun,
1y80,
1y44,
4xjw,
4njv,
4m72,
3ozw,
1w8k,
4dyz,
4nmt,
2bc4,
1knp,
4u6y,
4zvk,
5leo,
4m2y,
2h32,
4p7v,
6lgx,
1lwt,
3o3a,
1lel,
3aw8,
3ffp,
4nbl,
4m6i,
5dzc,
3t70,
3v85,
1mq9,
2b1y,
2h0a,
1wd5,
3sys,
4lzc,
3qwj,
4r5f,
3d0v,
4hrh,
2zkg,
1hjm,
5w5n,
2vfh,
4wpg,
3s72,
1rpe,
5oj3,
5m6x,
3aut,
3eqz,
2zhz,
1ve4,
1vz4,
3vxo,
4yqy,
4pmh,
4xq0,
3sxk,
3thn,
2jxi,
1xrs,
3bps,
3cx3,
2jc9,
3oy2,
4rqt,
1mcd,
4mi6,
2b5o,
3s0h,
4gfx,
6ssj,
1etq,
5bvl,
3d75,
4zfr,
3m2d,
4cdb,
4asm,
4jeu,
5q41,
3s3k,
3g0q,
3hgp,
2zoe,
1b2l,
2il1,
3pgk,
5ors,
5cwj,
3ah1,
3wtc,
4bzo,
4g54,
6u06,
2rd5,
4az5,
5otu,
3c2x,
1e59,
1fkw,
4iya,
1g2i,
1g32,
3rpy,
5oz0,
1evh,
3pxq,
2czg,
2j1p,
4hxr,
6a11,
2rbr,
1xkk,
2gxb,
3n37,
3cu0,
3fo8,
3ttn,
4ekv,
6etj,
3tsz,
3t9o,
2p4p,
6rot,
4lkr,
5a9x,
5tq4,
4zi0,
5o7b,
1y91,
2qyq,
2lpr,
4rbw,
3uif,
5cqo,
3hgx,
5dkw,
2yq0,
2vi7,
6cay,
5zag,
4g9c,
3oga,
1ihp,
4qgn,
2iih,
5yxz,
3unz,
2gz7,
3u8w,
2rf6,
2opj,
4iw1,
3bzh,
4z9a,
1hwu,
2hog,
3ard,
3ss1,
6p8m,
5w5w,
5n8b,
1i5n,
1rgc,
1rk8,
4fr9,
3a5l,
3np3,
5myq,
3p33,
5vr9,
6g7q,
1b3s,
4jmv,
5pj3,
4abw,
4m5l,
4gxt,
1ign,
4dqa,
3qqn,
4g8d,
6n76,
4ywz,
4ro2,
2uxr,
2afg,
5y1a,
3m6c,
1j6p,
6d6e,
2f6q,
4z1h,
4ylg,
1fym,
2q92,
2w0f,
5xe9,
1nmk,
1e4y,
4fh2,
2qxw,
4ivz,
1jbp,
3o9g,
2fq6,
3ivp,
3fce,
2v2p,
2cem,
3cmr,
1w2h,
5wb6,
4dnh,
1vic,
3pzn,
4wj9,
2c07,
1kmq,
3zug,
4er6,
2c58,
6dye,
1fcy,
5gnv,
5mo5,
6rgp,
3gqf,
3f2q,
3k61,
2oxm,
2gsg,
4ft7,
1e96,
5jkj,
1mrk,
2xs2,
4b4l,
4gey,
4d4k,
5umx,
5gjc,
1www,
2b5w,
3haq,
2vco,
5v0c,
4mrf,
3w7f,
2rkq,
1jgi,
2dpw,
5ujp,
3n0x,
6a5g,
1npd,
6qkv,
8adh,
4mjk,
4nrt,
1f90,
4azy,
4jp7,
4flj,
1ku6,
5xvg,
4gpy,
2dc3,
3kr1,
5wma,
5kbg,
2qtx,
1xnc,
5ucc,
1tzd,
5ms8,
4q5h,
2fit,
6ce1,
4fp3,
4oti,
3wwz,
4cnz,
1nhi,
2w5v,
4ibw,
3vux,
1j8b,
4me4,
2i25,
5fyq,
1v2j,
4iip,
3nb5,
2bi0,
1zgk,
6cmr,
5mw4,
2g9k,
2pa6,
5bqb,
5jy0,
3pma,
1sdx,
5l16,
4phm,
5qc1,
1rp1,
1j7v,
4jwr,
4jms,
5k5b,
2rh8,
3ce4,
1ihi,
4j2l,
5pne,
3r29,
1b11,
2qdx,
5z6k,
5kxh,
1uaq,
6h5b,
3p0b,
4hzb,
3hkm,
6jox,
1osz,
6fm5,
2bep,
4wvh,
4xpx,
3d9k,
6mws,
1p0i,
4ibd,
6epo,
3muf,
2tmk,
5v06,
2f7y,
5mmv,
3jrr,
1rza,
5oyq,
3rxj,
4d81,
1utp,
1op4,
5i2n,
4qbm,
5mq9,
2i34,
3sbk,
3m65,
4vub,
3ntk,
5zvm,
3ruj,
5dbx,
2j9y,
5z9e,
4afa,
1xro,
3nm5,
6gut,
1otd,
1a8a,
1ya9,
4if4,
3hio,
1e3a,
1kvo,
3cx8,
5c4m,
5sw7,
1o38,
5tmb,
4yem,
4i3e,
6eqj,
1mbn,
1jup,
1hg2,
4dxc,
4gec,
4gfa,
1ne2,
4kbo,
2ah7,
3lhj,
5p9w,
5xgd,
1tlw,
4oat,
4nj9,
6g1x,
5c8o,
3m5e,
3eq1,
1ygk,
6mz1,
3b0k,
6nfh,
5q0g,
3zol,
4def,
1rwp,
5cvt,
3byd,
3ggn,
2auu,
1q45,
2oes,
4p5y,
6q76,
1dy1,
3hsk,
2ax9,
6hnj,
1o8s,
3b3w,
3t0o,
3lnv,
5gg7,
3t6c,
4ev4,
5p6r,
4x9t,
1tet,
2yjh,
3q5c,
1a3v,
1yhe,
5a48,
5pig,
2prq,
5cfz,
3fwu,
3l3i,
3uf8,
5jmx,
4hm8,
2g20,
3k00,
3hbm,
3beb,
4ftr,
6oqe,
5aij,
3k0l,
6r5b,
1hsa,
4wnm,
5sw0,
3ng2,
6t9c,
4qui,
5fpd,
1si0,
6dia,
3alo,
4v14,
2wux,
3iut,
2xe4,
2oto,
3p8z,
1zhz,
5ms2,
2opb,
3cqh,
3fpj,
4uz3,
2bl8,
5g3a,
2yxd,
4z9d,
6mlc,
4c07,
1kaz,
1qyy,
1wiq,
5d4f,
4jgl,
5z6q,
6hhr,
4bcr,
5yr9,
3num,
2j5v,
4uuz,
2cjl,
4guk,
4mj6,
4ayp,
4gle,
1a7x,
2wep,
3qkl,
1hp7,
1dqy,
5lw2,
4nyi,
1juy,
4o4k,
1aiv,
4qgv,
5oi5,
2wvo,
1rgk,
2ii9,
1vcd,
1atp,
5tu6,
1l24,
6eof,
1sqt,
6ckp,
1r7v,
2a10,
2exe,
3lcu,
4q2m,
4qlz,
4fhf,
4gmo,
2gis,
4yql,
5vr2,
1x7h,
3hbh,
2aho,
3w4r,
4off,
5fc6,
2bzc,
3u9d,
2zur,
5b8i,
4lpn,
1t4y,
1ue1,
4dvz,
2v2f,
1h9n,
3oit,
2e8v,
2o4c,
2i3y,
5mn2,
2bbq,
4ij8,
3suy,
2zc1,
3lmc,
5nxd,
3hau,
4npr,
3gu6,
4dsu,
6oaq,
6alr,
2fu7,
5q0t,
5cog,
3g3g,
4nt0,
6n9j,
2nt7,
5vug,
2c3v,
1vkk,
4i12,
1jp4,
4gqq,
5p9a,
5ka0,
2v5e,
6ugr,
3lng,
1h5c,
2nrj,
3t8f,
1mt8,
3jrs,
1twl,
1f2k,
2a6m,
4b4a,
3zut,
1qih,
3fgm,
6u3k,
1v2r,
4mwi,
3usm,
6h97,
5hnv,
1oag,
2kri,
4l5m,
3hjp,
4d4z,
6owy,
4nax,
3quq,
1kyy,
3zsl,
5bp3,
3t8j,
1h07,
1nms,
2mll,
3ouq,
3pgf,
5owg,
2a3i,
5nku,
3w9v,
2aru,
6i59,
4hrl,
5cxw,
6n9d,
4lri,
5plp,
1q6c,
3cyw,
3o0z,
1qp4,
4ywo,
4hs6,
3p0t,
6ic5,
2i75,
4ik9,
5hr9,
1mo3,
1ocn,
4b7n,
1ijh,
5yix,
5tih,
3fu6,
1zk1,
3eh4,
2z1s,
1d0s,
1u2w,
3zrm,
5zlm,
2boh,
2xa0,
1wm0,
3sb4,
2x2m,
6skb,
1epu,
3ux3,
5abz,
6guk,
1zlx,
3wvy,
3d1o,
5mqg,
3hcg,
2z2t,
5l6z,
3h93,
2nqa,
5hy2,
5exm,
3elx,
3ir4,
4eig,
2xjk,
4s2f,
2xxh,
5vgw,
2ppp,
1k08,
4ugo,
4epb,
6qyp,
5zxw,
3fq0,
1rcg,
3sd6,
3x06,
5k65,
3zjj,
3ewj,
6qqu,
1nwq,
4rov,
4v0l,
3rtl,
6ed8,
1ps8,
3gxy,
1qtd,
1914,
4wmh,
4lbr,
2ras,
2x4j,
6uh2,
2vzd,
1xdf,
176l,
3c77,
3a0g,
4idb,
1uc9,
4bwa,
1so3,
4c52,
4x6m,
4fth,
3tcs,
4uco,
3aiu,
4ai2,
5wbv,
3hez,
1sb9,
6qsq,
4gw1,
2xjd,
1u4c,
3a82,
3hkt,
3aap,
3onc,
3fiw,
2puf,
4we5,
5exi,
3cko,
1m08,
2g3a,
6i7l,
2bov,
3byq,
3a3v,
1xqp,
4q96,
4ovl,
4li4,
1d3a,
2avq,
2pw6,
4owy,
2vfl,
5ees,
3bk1,
3rjp,
1e99,
4fv1,
4jae,
2ra2,
8fab,
1iyq,
1xj4,
5dvw,
5mew,
3wmw,
2zp0,
6eaz,
2wqd,
3wzf,
5lho,
1ws7,
5j85,
4fhp,
2vgx,
3cuo,
1lhj,
1o63,
4o1h,
4oki,
1o5x,
5w11,
1h14,
3t9x,
1ef5,
5d4g,
1q8y,
6mok,
5bo6,
1t1r,
6rtw,
1xhl,
6u5a,
5dzd,
4cmm,
6v2t,
1bbn,
2a0z,
2v6k,
1rio,
5zxa,
1ly1,
1jgm,
1ek8,
1x79,
4orn,
3s9t,
6nol,
3qju,
5wjp,
3g43,
3oz0,
2qt0,
4zp5,
5p4a,
4d4d,
5q66,
6hny,
4b9z,
1lpn,
4qqo,
4msb,
1rvc,
3f21,
5y8x,
3h9y,
4k7o,
3zo5,
3kx0,
3ryp,
2xeg,
2p8p,
2f28,
2nw8,
6ij1,
4rle,
1g46,
3n8b,
5jri,
5ym8,
3dzn,
2nxg,
6jff,
3st3,
3ejo,
4co4,
3ohv,
1we2,
3bxl,
6v0k,
3f5r,
1p2u,
3fh2,
1w4x,
4gp4,
3f2o,
1mff,
2btu,
1te3,
2z9u,
3uvq,
1pe9,
2frq,
3h0x,
5mt9,
1ycc,
1pph,
2ip6,
2wfr,
5m8b,
4p0b,
5g3x,
1xmv,
3fbu,
3fpr,
4o9l,
3ujd,
3umz,
3cxo,
5e6t,
5uoh,
2xj4,
5x9r,
6r8k,
5tv6,
1aoa,
1cuf,
5v13,
5c5t,
5zwu,
5uy6,
2a7m,
5m9s,
2i2o,
1jhn,
5wkm,
1fbc,
4id1,
4ej2,
3ngf,
2bwk,
3fz5,
6dcn,
1nd3,
3ti9,
4mja,
5fo4,
2j4i,
5vkj,
1ssd,
6u1u,
5tuu,
2pd8,
3lc3,
2nll,
6aqw,
6iyu,
3ou2,
3ekp,
1x2w,
1hf8,
6og4,
1mla,
1ty9,
4liw,
4lfi,
4dq8,
2puj,
3rtp,
1f5m,
5qqn,
1s07,
2cnl,
6aa7,
3m4t,
6hc1,
2ahf,
5ap5,
1ylz,
3uwc,
3qu9,
3u3s,
6ctz,
5ph4,
1ng6,
2nlv,
1uro,
3vtr,
4h58,
4ea9,
4nti,
6mef,
1n51,
6gyg,
6vag,
4jho,
4ifg,
3cec,
1bfd,
2ozy,
5h0k,
4tsx,
2psh,
5nt0,
2f5b,
4yl0,
5gqd,
6kl8,
4cnf,
2for,
2c3x,
5bnx,
1fzy,
6pyx,
6blh,
1bs5,
3qcp,
3h56,
3tss,
5to6,
1s3n,
1knd,
3bwc,
4cv3,
2pgk,
5g4y,
2d6k,
1sum,
6iyy,
2o0v,
2qx1,
4okc,
2q3h,
6a0u,
4o8y,
4b9o,
5i9m,
4e2x,
1a5w,
5ix6,
2bwt,
5b68,
3b1z,
2f0s,
4n21,
4gtq,
3lhk,
5d7r,
6dkg,
6h8g,
3mvl,
1qij,
5gnc,
2xvw,
3fc2,
3a88,
3bhw,
1y4w,
2nyx,
6abx,
3zc3,
5hur,
1fq9,
3bdz,
6omr,
1ys7,
2qa3,
3ryr,
4c9p,
4n30,
4am5,
2bch,
3tap,
6mmq,
3aj9,
3mqz,
3ps8,
2acr,
5p74,
3m3b,
1lgv,
2gzb,
3raw,
3gf0,
4hbd,
3gbz,
3uog,
5tec,
3t9k,
5xj5,
5q9x,
6qb6,
5kgo,
1qzg,
2qt7,
1wbp,
5yti,
1zka,
1bwo,
1cg4,
1nlr,
5xbv,
1o15,
1gve,
1r9h,
2cwm,
6h19,
1fxj,
2sgd,
3qk6,
1ftq,
4o1v,
3rcm,
1r3t,
1z4v,
3k3o,
1y90,
2f5g,
4myr,
1v4w,
2bbo,
6mwk,
1tuy,
3dgg,
4k39,
4c4k,
1cue,
3iuy,
3hcw,
2fif,
4is1,
4kqv,
1gk6,
1j1v,
1msv,
4b0n,
1b1y,
6n6r,
5loi,
6hgg,
3erb,
3tep,
2b3x,
1lji,
5eqz,
5hsw,
6sf4,
3b6d,
1pxn,
2ske,
5erq,
4qnw,
3wxw,
1ijy,
3qwa,
3bu7,
3upp,
5y5d,
4ei8,
4u90,
2raz,
5hlt,
3m79,
4mpv,
5zo5,
4zrv,
4igi,
1hh1,
1ah5,
5x2k,
3nol,
1yo1,
1fzz,
3ull,
4zhm,
3nmk,
6gaj,
2c9s,
4q0q,
6epv,
6ikk,
2x7m,
3oep,
6dfe,
3qeu,
2djz,
1dsz,
3oau,
5int,
1qbm,
3fai,
3tx8,
2o2v,
1ftp,
5n7q,
3ff2,
1ly4,
1q18,
4oie,
4xug,
1s98,
5a0e,
4xsg,
5dg5,
6i9k,
6jo2,
5vzg,
3cmp,
1ton,
3cpg,
4etk,
5u19,
3u1q,
1q06,
5ear,
3u5j,
4gqr,
5nyy,
1yyy,
2p93,
3uje,
2rd8,
3gmo,
4d5q,
3rfv,
4kb2,
4bqo,
4y3e,
5yhh,
3u1j,
5j3h,
2xs3,
6cjh,
6gro,
5evz,
1a1w,
4xhh,
2hxl,
5lfj,
2e2p,
4wtx,
4u0f,
1ydd,
3aix,
1cls,
4y79,
4qm6,
6iin,
5nua,
1n6r,
6nff,
5f8n,
3q4o,
1fkq,
1gdf,
5osp,
3fc0,
1jg7,
1f6l,
5xz8,
4iso,
4nb3,
1gzd,
3f2x,
1e3b,
6u3n,
4l46,
6ke1,
2oqc,
4x3z,
3i2x,
2xef,
5c7h,
3luq,
2pgj,
3o1t,
4xrm,
3ack,
2ox3,
5qlg,
4df2,
3h3d,
1uf4,
4jm5,
6b57,
1nez,
3igd,
3gtc,
6fc0,
1eiz,
2zqs,
6u17,
1zz7,
1hms,
1wuy,
1j32,
4z3e,
3mpg,
5tk3,
1nqx,
4wmx,
2uxf,
6gfr,
4e1m,
1lb4,
1up2,
2zi9,
5wzg,
5gs3,
6nvi,
1h3y,
2o8s,
5ov8,
6ix6,
2xhh,
3g7u,
3uvi,
6pbd,
4uvw,
3rqs,
2r6q,
5vkl,
3hgo,
5q46,
1bc5,
2wi6,
1dxk,
4ppz,
4n40,
5xrj,
2h2z,
4aap,
1ag2,
4j7f,
2fcy,
2zev,
2b8j,
5lg4,
3jxh,
4xmg,
3wlm,
5qly,
3cvb,
3x0w,
3ftj,
6jli,
6i9q,
5fut,
3v53,
5db4,
3inr,
1fpj,
5x23,
4rbr,
1ebb,
2f4b,
4kha,
3w7g,
6j9y,
2e3c,
1wit,
3jpp,
2fre,
3oxd,
6i9o,
1zly,
6rar,
2iaf,
4e3y,
2w8t,
2zx3,
4da8,
3dws,
4y57,
5k4i,
1qh3,
1shx,
1cpo,
6jai,
5fr2,
3tj6,
3mod,
5ox8,
5i6t,
6n2r,
5lhm,
3n9j,
1t93,
1qok,
1ygd,
3k6o,
3st2,
4q6d,
3l4q,
5p0q,
4reh,
5zhv,
1y7d,
1c3j,
1cgy,
1qcg,
1p2o,
4l05,
6mr2,
4z9q,
6h05,
1a1i,
2ohf,
5awm,
4ycr,
6f4j,
6auz,
1fw9,
5plc,
3q86,
5pz5,
5ohv,
2qg8,
4ahm,
1zzs,
1e3j,
5vej,
4pgj,
4lsa,
1rzy,
6p7z,
3l6f,
5kpg,
1ai9,
5pqb,
2fvp,
3zmc,
4i4k,
2os3,
1ffr,
5kfa,
4lua,
1qn7,
2e0s,
1sln,
4m61,
5jjd,
4xon,
2vp1,
1xg2,
1lr5,
4tur,
1qnm,
4alg,
1jxz,
4h1n,
5dv9,
1asw,
2qrb,
1lhn,
1h85,
6dxn,
1wdq,
1t7z,
6fw7,
5khj,
2x52,
1bi4,
1vp6,
6a6o,
3niz,
2e3k,
2ydi,
6iju,
1y20,
1iux,
6cvp,
6mfl,
3rpt,
4qcf,
4zor,
3kdj,
5q0h,
3wlh,
5cxq,
6ui7,
3os3,
1b2m,
6bk9,
2c56,
1lgb,
1xw4,
3hza,
3da1,
1wbg,
3myt,
4wxw,
5ml2,
3ljz,
5mhj,
2gnw,
6exd,
3ub4,
6p4i,
1ty4,
3il3,
2be0,
4dc5,
1usi,
4cfq,
3f18,
1fml,
5bqa,
4m1u,
3icc,
3a2l,
2deg,
3ljb,
1jnp,
1w3l,
1p2a,
4ilt,
5af9,
4l7j,
2va6,
2rg3,
2ybm,
2ycd,
6rnz,
6mno,
1asb,
6pbk,
4mln,
2p09,
4gi1,
4ulv,
3iea,
4rih,
3bik,
2v38,
3r4y,
6u4q,
5hhd,
5b3a,
2axo,
5jro,
4q8y,
3pjf,
6e5a,
1loq,
4im7,
2q7i,
4fhh,
1xyn,
1x3s,
5xtg,
3ifj,
5apy,
2man,
4mf6,
5h6h,
5n1u,
5z7r,
3r15,
1zxk,
6g8y,
3oij,
6vck,
4yew,
4g6n,
2bre,
4ewz,
3f28,
2fv5,
3pp9,
4xs5,
6rcr,
1y3c,
1ddf,
2f27,
4oce,
3wwx,
2fm9,
4wio,
3wdc,
5wpb,
3vg5,
1pc5,
4hic,
1le7,
2hiq,
5evb,
2ic6,
5zwe,
1dzj,
6hy3,
3v6s,
1mbd,
1jlm,
3czy,
3tt2,
3fm9,
1szi,
1uds,
1a73,
4wx4,
4jpf,
3c5j,
5h6z,
2prm,
2wcf,
5ne8,
4ua8,
4rs9,
1sfr,
5uzx,
1yac,
5lgg,
2a0k,
4izx,
5yht,
5ejh,
1oqn,
3gxz,
2sga,
4ud7,
6imx,
3dwb,
3eh5,
1xov,
5gyg,
6gb3,
3hcs,
1t6x,
1vji,
1lb5,
6e28,
1u1h,
4ifj,
4e49,
1m3q,
3hbq,
3gbb,
6hl0,
5hbb,
4h3c,
3frz,
1s7k,
3pjr,
3mtf,
3p08,
6gcg,
4f2w,
1x8z,
4itg,
2yc5,
2fwm,
1tt4,
1h8f,
2uur,
6fcs,
1sc3,
2h6e,
6o13,
1dsn,
1r5m,
6o98,
3iie,
1bqr,
2vns,
4qtc,
3ax3,
3oy6,
4x2i,
2ff4,
4zr2,
6hpe,
2gqn,
5bpw,
2ixc,
1ef2,
3coc,
6e0k,
3zr9,
5vji,
9icx,
6a97,
4jl0,
4mfl,
2qa6,
1uz2,
2rkh,
2x34,
5uua,
5a5d,
5csx,
3gmi,
5boc,
2wos,
3bhm,
5xnf,
3rxw,
3o48,
2nul,
3rsk,
3ubk,
1bbc,
1y0s,
2gl5,
3fd2,
1i8d,
4lyz,
1p0m,
3lif,
4pjz,
2ob9,
1m26,
4zdm,
3w8n,
1qb0,
5i4i,
1h8x,
4mmp,
4jyd,
4x49,
3cla,
3c94,
6cqp,
5jkp,
1hf3,
2pvt,
4i94,
3vik,
6qcu,
3glk,
1dpw,
3ugc,
3rfw,
3o9c,
5z9h,
3qd0,
6a0f,
4tot,
4uiv,
1rp9,
1s60,
6evr,
1iih,
5x5m,
1ar9,
2v1q,
3wre,
5kuj,
3n73,
6nne,
5hn3,
2j5x,
6t8l,
3rq4,
6ipo,
4xfm,
3gbi,
5q2c,
5wxn,
2h41,
6ilq,
3kfj,
2gna,
1xvo,
6pmc,
3u73,
5p80,
5dt3,
1yr8,
5i77,
1ofl,
3c8a,
1syi,
4kb9,
4ev8,
4awz,
3n9t,
5g45,
3l25,
4pd5,
5az0,
5ls8,
4re0,
5pax,
1o4v,
3vi7,
1p9l,
5uuy,
2ion,
5xu5,
4ox0,
5wjf,
1vni,
4he9,
5htv,
3wrb,
5mhg,
3w8k,
1rxh,
4j50,
4jll,
5o9q,
2vp7,
3r08,
1lwy,
1nvu,
1ltm,
1s1j,
1mdz,
1o3a,
1wch,
3qvt,
4xpu,
3peh,
6nkr,
5kyk,
5vgt,
2gan,
5its,
1d2n,
4byj,
4zwi,
5nvn,
3g1l,
3osm,
5ajr,
2pmj,
5cj7,
5poz,
5ouc,
4rp5,
2bzh,
3vxj,
3qbx,
6k9t,
1nrn,
1lnc,
2wud,
3pzg,
3x2n,
3l0r,
3by2,
3fdd,
5ueg,
3kb9,
6gm7,
4daw,
5zm0,
1pzc,
3g9r,
2d30,
4fnc,
6a5y,
5zua,
2wgu,
4w66,
2wv5,
5kmy,
1enj,
4mvi,
2jd5,
1sps,
5tv7,
3ncv,
1qii,
5tw0,
3pd1,
1ghl,
5noz,
1zji,
6eui,
1wy5,
4iik,
1lon,
4mrm,
1tcu,
4o0r,
4ku2,
1kaw,
3qvn,
6eaq,
4ykx,
1e6j,
1bb3,
2wfc,
2cfh,
4nqm,
4bhv,
4ccg,
5pu2,
6q1a,
6qql,
3r7i,
5f9x,
3daj,
1awh,
5hhk,
6ezc,
2mp0,
5q2x,
5znd,
3fm6,
1t9o,
3trj,
2z5f,
6i1q,
1daz,
4j9n,
3zd2,
5z1q,
4lkj,
5ps3,
4ucm,
1x2t,
3gp6,
3tk1,
1rg8,
3tvr,
3u6s,
1im6,
4b45,
2j9v,
5p2t,
2fpk,
5ne2,
1nqp,
6kmd,
6aw6,
1lbz,
5v2i,
6btx,
1qkr,
3tmj,
1z4r,
5ayp,
6fa5,
1fn5,
5oy3,
3v9c,
3ufy,
2dql,
1jpi,
4ws6,
1ekp,
3epp,
3l9e,
1b1e,
5lal,
3f48,
5jei,
6hkz,
3vsr,
4q7v,
2j4y,
5ap9,
4ll1,
3uy7,
1azu,
5ekj,
6dis,
3bey,
1lg6,
1yis,
1g0y,
3i1c,
2g7c,
3ta2,
5fq3,
4axf,
6et4,
3bbk,
6ift,
1yr2,
1uvs,
1ve3,
1fnd,
3d25,
3udw,
2ppv,
1tgv,
2c1l,
3aos,
1v35,
1agx,
2cny,
6ext,
3s1d,
1meo,
3rtb,
1mr3,
1gxt,
3jti,
1pxs,
5dxx,
2eyo,
2jgp,
5xi8,
3o45,
5wxt,
2xd9,
1bze,
1wtx,
3bzz,
6f88,
4ref,
1fhi,
6mkm,
5iwe,
4flr,
4gku,
3r9u,
5yc6,
3s6e,
3gde,
3les,
4eer,
2do2,
4xpr,
2xhx,
4n65,
5jzv,
2pym,
6j5d,
1v7o,
5bmn,
4wze,
3r8l,
2oac,
4u6i,
3nbe,
1pqk,
4qjp,
2fbv,
1xwc,
3hjh,
1i7h,
1aer,
6bgm,
1k7e,
2g2o,
1d6w,
4d3v,
6fn8,
1dxy,
5olh,
6mpq,
3gu3,
6etf,
1a45,
4iml,
3lxj,
4qqe,
1npv,
1yb0,
5wg7,
2wfj,
1r1c,
1dyr,
2j86,
5nfw,
6bqc,
4jo4,
4mgb,
2f3c,
2ycx,
3zsr,
3wk6,
1qx0,
1c9p,
1pv8,
3grf,
6huh,
3cay,
3t9c,
1ic4,
1va5,
6e2o,
5hma,
1yyo,
4uub,
3jv9,
6d5d,
2oer,
3nst,
3l1f,
1h5e,
3g3z,
4asc,
5mo2,
6j3d,
5plw,
6dhy,
3x0j,
5z6d,
1zpl,
3qcx,
6ath,
5mab,
6b3c,
6a23,
1cvf,
5tye,
4oem,
3r0k,
4idm,
5ja9,
4k28,
2r5g,
5cbt,
4jhj,
1vzi,
5k4b,
6c6f,
1fs3,
5olj,
3el8,
5jii,
2yge,
4i6w,
2r35,
6oqm,
4q3f,
1lj2,
3dhq,
1ql8,
3avq,
3be9,
1kmi,
1miz,
6f4o,
1npl,
5wsl,
3dz4,
4uio,
5ila,
2ou8,
1iuc,
4rgs,
2hhe,
4eyg,
3k1t,
5de1,
5l6u,
2fzu,
1j95,
1rbi,
1ny5,
1a0u,
1i6a,
2ayg,
1bnk,
1tx9,
3hfv,
4xzs,
6l6h,
2z3y,
3vw2,
3msu,
3pg6,
5cl3,
3wpf,
5l7e,
4lgx,
3b1o,
5isz,
2wat,
3oxe,
3zr5,
3a8b,
1oaq,
3amu,
5otg,
3zch,
4ohx,
1xbu,
1kq5,
2zk2,
6nul,
3q33,
5nwp,
4dho,
2fr3,
5ftq,
2r5v,
1jbu,
1tyu,
3gir,
4q22,
4buy,
5wm4,
4edk,
1p0n,
2zja,
4hlk,
1ji6,
2cvq,
1pcj,
1ero,
3fkr,
1e3r,
4w90,
2ktq,
3utx,
2qgz,
1znc,
2j8k,
6f0b,
3stw,
1gxa,
3p2x,
1a8g,
4ngw,
2y92,
3w4y,
4wg1,
3kch,
1vwf,
5bzp,
5hrg,
6jop,
4ner,
5v0v,
6r7j,
6dmn,
2h14,
2aew,
4bwo,
6qaa,
1et0,
1tuu,
6pwk,
4rvs,
5btb,
2bt6,
5frc,
5ibt,
1fjt,
4qr4,
2wqe,
1xz3,
6ukf,
4ciz,
2zfz,
3wkx,
5zdk,
1sqo,
6fds,
3ewm,
6ig6,
3vuu,
1hh2,
4qt3,
5ekm,
4hod,
3ht5,
3kyg,
4kv2,
3fm2,
2z1z,
6f2f,
1gdh,
6dy1,
4zy7,
5p0h,
3nze,
5if5,
4b00,
4xrh,
5iks,
1owd,
1fmb,
1e1n,
4uzn,
5drw,
3u7c,
4twz,
6fop,
2g1h,
2bc3,
3ffw,
4qho,
1gnn,
1ppo,
6mqd,
4u9c,
5nov,
1pmv,
5nmk,
3wg3,
6rpu,
3d89,
2qw6,
1mlr,
5p6y,
4krt,
5upd,
1uuq,
4frn,
2cw8,
5tj3,
5y8l,
3vyi,
1gil,
2iyw,
3ln6,
3qtq,
4iat,
6d22,
2dvi,
2bts,
3qmx,
5ac9,
3u65,
1zhl,
4p86,
2o12,
3th1,
1mu5,
1odz,
3jpx,
3s9j,
5t1k,
4n8f,
5oxo,
2a4k,
6a7w,
4qeo,
1nd2,
5jyy,
4i1c,
1nk5,
3wme,
5ppw,
1lr2,
4dt7,
2nv0,
1y9r,
3osw,
4dii,
5mf5,
4rf3,
5y4j,
3i7b,
5nke,
4n7q,
2ale,
5b6q,
1cy9,
5qm1,
2bfb,
3ei5,
2cax,
3m54,
1qus,
3vy9,
6mc6,
4qa5,
4o5k,
1nkg,
4a1n,
6mp1,
4b0o,
2zab,
2spo,
2v0j,
1tfk,
1eyh,
5lk4,
4bw4,
3t97,
3r57,
6pru,
4evc,
4hpi,
6rms,
4nwu,
1jxk,
4l3r,
1u9u,
3g9m,
1zcu,
6ggb,
2q0c,
2az5,
4f51,
2zch,
1vfl,
1azb,
4u2g,
3tpt,
6bgz,
4jb0,
6inb,
4gzg,
3iv5,
5pwp,
1fzp,
4v2z,
5f0b,
1sfq,
2fur,
5prz,
4msq,
2wo8,
2dko,
1sug,
3kl4,
2ofu,
2oq4,
1pud,
5dgt,
6b0v,
3pxm,
3lwl,
2jld,
2pfi,
6c0t,
5jd9,
1ooe,
5pli,
4ocv,
5ey3,
4j3l,
3rtd,
2euv,
5phv,
3no7,
5tzv,
1a3k,
3evm,
2ek4,
5hwa,
4r95,
3cui,
3rew,
6add,
6d1q,
4xfg,
5jf3,
5jao,
2qd3,
6n8u,
2ntq,
3tq0,
1k2o,
4dd7,
5hbq,
1i6s,
2z9j,
4jqk,
4bb2,
2ccj,
6bvd,
1cih,
2g00,
1wls,
5yiv,
4kek,
3w87,
3bbz,
1ijk,
3hzi,
1hy7,
4z28,
6oh3,
2i6y,
2v1m,
3d1f,
1ufh,
4qmi,
4prq,
4hk4,
5ian,
3f7q,
4g9f,
5n1h,
5i8t,
4arv,
4nb2,
2hb8,
2hs3,
1r5p,
4gc2,
4umu,
1zrf,
5xzi,
6eh4,
3lv3,
1ptz,
4jev,
2fco,
3cvo,
5p0u,
5z78,
3igt,
3bl2,
1nel,
4kag,
1y2d,
6a5q,
2cn4,
5h78,
3mok,
1s13,
4iuh,
4rkb,
4hc5,
5dqe,
6r50,
1nys,
4mc9,
6gtj,
5d5w,
2i1k,
3oj2,
5igs,
5mjr,
1oik,
6nfv,
5aih,
5eoz,
1tg3,
6irz,
4lyg,
2iep,
1fe3,
2pyu,
2fqm,
2spc,
5yhk,
5ha1,
3rey,
1xiv,
1kd0,
3igg,
1nvg,
4zca,
4ktg,
3ulj,
2z4y,
4frf,
2q44,
3tin,
5de3,
5xne,
2xgf,
6f53,
1vgi,
3peu,
2uxh,
3sae,
5bqk,
2et4,
1ida,
5eac,
2g3b,
3bqt,
1zc3,
1wl0,
1ie0,
3mei,
1fjr,
3vx0,
2grb,
3p0g,
3twz,
3sdh,
4a1h,
3s01,
5w2i,
1kaa,
2wal,
2jlp,
3onu,
4gc4,
1dtl,
5zj8,
4hzt,
1d1m,
1a46,
4s2w,
2d1q,
4al0,
6phd,
4lp2,
2nq8,
1v4x,
4us0,
1kw0,
6in5,
2e1z,
5q5a,
4ynb,
4l5s,
3ri8,
2ew1,
5i8p,
3r0n,
5ysg,
3cwe,
3unr,
6d0v,
3lsp,
1kpe,
2xqs,
5p0n,
4mgm,
3i9t,
1ca0,
2v73,
1xsn,
3rj6,
2jco,
1pa3,
6itj,
4gga,
1ein,
5w6u,
5xp0,
4yct,
1n4x,
4g10,
4h8y,
3oop,
1ki3,
1nxy,
4ztg,
3goq,
2egh,
3o3d,
5an7,
2w5t,
5ih1,
4rei,
1kaf,
3hbd,
4avw,
5cur,
3mit,
1dkm,
2zir,
1cpe,
3n9n,
4bgo,
6n0w,
6kpn,
2r30,
5dau,
1tk1,
4wtl,
5ebc,
3r46,
1mym,
1oir,
2azy,
6b9v,
6hiu,
4d9u,
5a0l,
1wni,
4z4t,
2gnc,
2bt2,
3f7v,
2yk2,
3eli,
5ccm,
1w5a,
6d0r,
2uwb,
3l6j,
2vlz,
3w01,
3p7j,
1mzc,
1oas,
5jld,
4af1,
3ijw,
1u5f,
6i2h,
5iny,
1sk3,
4ufq,
2p65,
2h7q,
1rib,
3zsc,
4qni,
4y3r,
5oq0,
3kg5,
4lws,
5yqa,
4usw,
4b0h,
2yny,
1sd0,
4yfz,
4pny,
3rsv,
2fn0,
3gh5,
3t48,
3v0j,
3zl6,
3e0x,
1jwp,
3eqa,
2ed4,
5o7c,
2qq8,
2c9y,
5ysb,
3jd7,
3s47,
1mlb,
3gmx,
5ezd,
5t66,
1b5t,
5gqo,
5zfz,
1l86,
3l5m,
3ddi,
2zom,
2jhl,
1c6m,
2c6w,
2oy2,
2yjx,
3h74,
6j2r,
1wub,
2z5l,
4qmh,
5jlt,
3p0k,
3ss8,
6j7b,
2r1k,
3tmn,
1xqe,
2r6s,
4z58,
3ugq,
5k15,
3wbj,
5ghe,
1k1s,
4jci,
4wtm,
6a8s,
2y1f,
5aic,
4kld,
4le0,
3iax,
4f3g,
1hj8,
2p9h,
6ps3,
3daz,
3kwg,
3bz3,
3nmb,
3cgz,
5hzq,
3voo,
6i55,
3bwb,
3mc0,
5niy,
5ux3,
2qk8,
1itv,
1ac8,
4r72,
3bvo,
6ddr,
4iew,
4mum,
3d91,
1w0n,
2bik,
6fpn,
3r1z,
3nnw,
1tz3,
1hi4,
6mv6,
5qhl,
6eoe,
1vhb,
1x6i,
3r2n,
4evi,
4zyb,
6bqd,
2va5,
3wh9,
2oud,
6nq5,
6gii,
4h8i,
1vqs,
1kf7,
2vm1,
2f5t,
4ces,
4rc4,
3lx8,
2ci4,
5vm7,
3g99,
1gqz,
6ink,
2z27,
4b6o,
4jau,
6vop,
5ose,
2e8u,
3fpx,
1fpi,
3v61,
4xr3,
2o88,
4mo3,
1p2f,
1jl1,
1qp1,
2o6s,
2yel,
5iko,
3nu6,
1fy1,
3h8q,
6d3b,
3seb,
5zw7,
1xcd,
1gic,
6oyy,
3qvs,
2ymo,
6kvl,
6g62,
3d6l,
2cw9,
1zuj,
3zjq,
3gci,
3slu,
3k8y,
3irc,
4oao,
4x9q,
6cy6,
4a68,
5umz,
3bhy,
6gny,
4ilr,
1j8t,
3lgz,
2bkj,
5els,
2dcc,
2zt4,
2guf,
4uwd,
1yly,
2bj3,
1ml8,
4m1z,
1kq0,
6es0,
1z89,
2nnd,
4a9z,
4jdk,
3lwh,
3int,
4z46,
2r5y,
2z3q,
5b73,
1rbe,
3vbl,
1w0i,
3p0u,
4gaf,
1xoe,
1cbw,
6ais,
2pis,
1cp3,
3idn,
5f9j,
1nnx,
6hmc,
2h2f,
6ejs,
5ugm,
3clv,
2qom,
1ovt,
3sit,
3c6v,
6bcd,
1jrs,
5z2n,
4r2f,
5cb9,
2rip,
3m6e,
1crm,
1jr2,
1jom,
2wau,
3u25,
4jo5,
5y4d,
1vch,
4bkd,
1tk2,
2v08,
1mkh,
4pag,
5k8u,
2j4w,
1t8x,
4uy5,
2g8y,
1rhu,
5b0u,
5t5j,
3sj8,
3itf,
1u1n,
1l60,
6gjd,
1uy4,
1fcn,
2ntk,
1a4x,
5ewu,
1f2z,
4m34,
6t1l,
1vrw,
2ref,
2a77,
6nuf,
4aec,
2v65,
5ztn,
1os4,
5mks,
3ou8,
4wv6,
3a2g,
1kq9,
1i2s,
5kec,
4p8w,
3wrs,
5m8c,
3vbn,
5wr5,
1l44,
6m9y,
1dbs,
4eib,
3vyj,
1cmt,
3zdq,
2xp1,
3sf8,
1wum,
6iis,
5pxe,
4g29,
3r3q,
6g4h,
4opq,
6aol,
1kwu,
3syu,
6b3l,
2xxm,
6kg1,
4jcz,
4drp,
5syg,
2cbp,
4pyq,
3zxo,
1uid,
3a43,
2r0c,
2jh2,
3mmf,
2c8s,
3d3v,
1qb1,
1o7z,
1nhy,
1vgp,
3zdi,
2pbq,
5kxj,
4cqq,
3nin,
2x4g,
4ylq,
3lbl,
1gqw,
4xqf,
2x7h,
3t44,
2c19,
2xc2,
2ova,
1go2,
5da7,
3ofm,
4l20,
5zr8,
4obt,
3vzo,
5vwy,
2i0v,
5el8,
3cbp,
2g3j,
3rwf,
1vk3,
4zm8,
5clf,
1ykc,
1af0,
1f6g,
2jhn,
1nof,
3a5a,
4rq9,
4h6u,
3rqr,
4cw0,
1ud6,
3f05,
2flv,
1ogo,
3c85,
1jd4,
3uen,
2vfs,
1kzo,
2cvl,
3pfq,
1hib,
1t9z,
3voi,
1w4w,
5ue7,
6c1u,
1eja,
4xqr,
2r4n,
5jyj,
1hlp,
1rvb,
3mz8,
2egv,
3pk5,
4ie9,
5p17,
1zmv,
6gna,
1kv7,
4neu,
5ou9,
5yoc,
5cjz,
4w72,
5ivv,
4jtb,
1scj,
2yw4,
1xr8,
5buf,
5nfo,
5d16,
1igr,
3qug,
2zbp,
1a71,
5hl6,
2qm7,
5x6h,
2r5f,
5odx,
2ci9,
3kkd,
1oge,
4dp5,
5uun,
5o62,
3g0a,
4lyf,
2nz0,
5c1g,
6t4c,
4x68,
3v6i,
1zau,
2sni,
2orj,
6ag9,
3hmk,
2oa8,
3n8t,
3ndc,
2v91,
6kdz,
2xb1,
1f1z,
6jeu,
1tow,
1n3c,
6ig7,
2c8z,
3bab,
1tfc,
4we2,
3rwh,
5v05,
2j1a,
6gy1,
1c92,
2q6l,
2wc6,
2v1z,
5mny,
5fnc,
2v8m,
6h9u,
5ii9,
1yty,
5hrb,
4ka8,
2c7b,
4qlp,
3fo7,
4l7a,
2vkr,
2gpu,
2ets,
5l91,
1dlm,
2yek,
4cbz,
9ict,
5te7,
5qkp,
1zy2,
2e9d,
1xto,
5kqr,
1ig1,
3afk,
1xvi,
3loc,
5ziz,
1pi1,
2qkd,
3zsv,
3mq0,
5wdx,
3pzq,
4i21,
1otn,
4ysd,
3zyc,
5o20,
5n1r,
3g8i,
6kvj,
1i77,
5bzd,
6baf,
3chd,
1q6q,
4gnp,
1xdb,
2pwx,
1hrk,
4cid,
6afb,
5dx4,
4yk3,
2act,
4gpm,
1bhm,
5xpn,
2xg9,
1zwy,
5p66,
5fko,
1dp7,
2r6t,
6rc3,
5xzb,
2fhe,
5az3,
5vhg,
6fdl,
1o47,
2fyg,
6gnl,
3rmg,
1xj7,
3paq,
5dej,
3bu6,
5hh5,
5thi,
1dj8,
2qb6,
4a7c,
4fsm,
1vf4,
1h05,
3n1q,
4dh4,
1qug,
2xft,
3rez,
1ygb,
1vto,
1qma,
2o9p,
2j92,
6ch5,
4qic,
1j30,
1tla,
5a91,
2r6v,
4oyc,
1b5u,
5e6c,
1p5z,
1kyt,
6apf,
4d1s,
5brz,
3l9d,
4jes,
6qry,
6hll,
3khh,
4zxo,
4giu,
5hmy,
1pl3,
1ytl,
5n9n,
1fn9,
6ntx,
3zwd,
5cuz,
6ag4,
5aho,
1le6,
5g4p,
3am3,
3atq,
1y1i,
5ckk,
1amw,
4tmw,
4fft,
1mfg,
1oan,
1s9h,
3vwk,
1cjr,
4haf,
5k9j,
4a6v,
2v87,
1prg,
6gyi,
3pk4,
4d70,
4m1j,
5ffy,
1zca,
5n7k,
3isd,
3gzx,
3jt3,
1m4j,
2cey,
5kbf,
5oh9,
6crb,
3awo,
3new,
2f8a,
2j3p,
4r3m,
6dyg,
1sf7,
1duw,
3q1x,
5cgx,
3gvv,
2jdx,
4ntr,
1kb4,
4mtx,
4rl4,
5pvx,
1u7u,
3qx7,
4qbb,
4bhn,
2hxb,
3f7y,
4k19,
2wuc,
3q29,
4h4j,
5flr,
3qcq,
5ff5,
6hua,
4pim,
2rgr,
4wzp,
5d9k,
4wwi,
4g72,
2h8f,
4pxf,
1wb0,
4oro,
2wbw,
1ubr,
3coi,
4ggt,
4odj,
3oqk,
3a1w,
4j2n,
4n1j,
2fzb,
3pm7,
3q93,
2be6,
5k9f,
2veq,
3rq9,
3c4u,
3llo,
1qs9,
5hxe,
5hb6,
1jct,
5in7,
3sz7,
1bmv,
3w7b,
5jl9,
1nbc,
5og2,
4iyp,
5v1w,
2yvb,
3fx2,
1c3v,
3e2c,
3iy3,
3i4w,
4p2p,
2f56,
3r6o,
1yjd,
3dh1,
6bi2,
6h8e,
185l,
3uqg,
1zn7,
1gfo,
4ydp,
4pvo,
1hab,
6d7a,
6ini,
1ic7,
3cio,
4dll,
2j8o,
4o34,
1orj,
1gmu,
3jtp,
5ywn,
3au6,
4ay3,
3bm2,
1ydh,
4gui,
1owk,
1zaa,
2xi6,
3lqd,
5uem,
5v8c,
4chl,
6heq,
4o8x,
3tl1,
5kcv,
1cj8,
1tyv,
4hpk,
6nlv,
3grl,
1crq,
2ejc,
4xka,
1p7j,
3zvg,
5aoh,
3bgi,
3eo7,
3ho1,
4ofd,
2ou3,
1nfy,
3lt4,
4wau,
4al5,
5jzs,
4bm3,
5j5s,
1mmv,
3rz1,
2j7q,
1obj,
1klg,
2yrr,
2q39,
2g03,
1zpv,
1cbx,
5q8r,
2bnm,
1cyo,
2xpn,
5qtn,
4dnm,
2xtn,
2ds0,
3bb5,
1zav,
5fni,
2bj7,
1kp2,
3iq7,
1sog,
4g34,
6jl0,
3m7b,
5p5d,
3qeb,
6qjf,
3tp8,
4ge3,
3l2a,
2bwf,
5gsp,
1qi2,
5nw7,
5icp,
4twy,
1ndv,
4o71,
4nlo,
1e6o,
6f58,
3iqu,
4zly,
2xp6,
2i16,
6a2t,
6rz3,
1pjc,
6qh4,
5jjw,
5cgd,
3fpp,
3ktl,
1apm,
4ati,
4i9z,
5xnj,
6d6o,
5ura,
3nka,
4elu,
6pd6,
5hwr,
2c1g,
3tbh,
4mpt,
6bdi,
5yvw,
3x15,
3o3f,
6bc2,
1gjc,
3ig6,
3imy,
3rtt,
3fpu,
6jog,
6f75,
3u69,
2vjr,
6vbb,
5ivy,
2jfo,
1kzb,
6u03,
4zgc,
2wuj,
5t6i,
3q18,
5qh3,
3vaq,
2v4q,
3s73,
2oc2,
5fk3,
2vgo,
2vqp,
5n26,
4zio,
4gdo,
5i6y,
4kom,
4hva,
5fcd,
3t6f,
5knh,
1qy3,
4utf,
5umt,
1u08,
1h6w,
3m6k,
3slz,
2iru,
4dzp,
1bul,
5boe,
1f8q,
1gca,
2oq1,
3bxy,
4lkl,
1lb2,
2x4o,
2i7o,
1zok,
1sg4,
2p2v,
5w76,
6i31,
5fqs,
6gf0,
1biq,
5bqc,
3ieg,
1fro,
6n7a,
6rpg,
6qa7,
5e0q,
1w28,
1ssa,
5ogx,
2cut,
4zdu,
4drw,
6uki,
4odk,
3ued,
5vjt,
2ynk,
2hmy,
1pk2,
6f8b,
4ye2,
5kql,
5dmr,
3ja9,
6dnm,
1ykh,
4dw6,
4f8a,
2pov,
4na7,
3vet,
6c55,
6adx,
3h5t,
2q67,
3fe9,
5otd,
5kwd,
4egc,
3b3i,
4ngd,
2hvj,
1qnz,
1cmi,
1j3f,
3gj0,
3sl7,
6edl,
3t9p,
4nr2,
3k85,
4iqd,
6v3c,
4s28,
4b7b,
1owi,
3pls,
2xpa,
4j74,
4iy6,
4j8t,
3o9b,
4ibl,
5zwt,
1t7t,
4nds,
2p9t,
6rbv,
6qhy,
2qh9,
1bpe,
1tgh,
3l86,
1in7,
3lk5,
2paf,
5jzb,
1lue,
4q04,
6ckt,
1huk,
1qy8,
1ouy,
4tkx,
1xlu,
3hpl,
1hgx,
4wuj,
3zbw,
1lhu,
3kyk,
1gnu,
1pbq,
1ca7,
2q2j,
1p16,
4amm,
3u5w,
1ku5,
1yc8,
4nyt,
3kko,
1b8m,
3tvv,
4b7v,
3dvw,
1cgs,
2zrf,
2e20,
4pqr,
5jvi,
1cs3,
1kz9,
1apn,
6hyo,
2boj,
4o3v,
1xly,
4p4j,
1y5w,
3d2i,
6eth,
1n92,
1ibz,
3swp,
4jfq,
1v6x,
5ub9,
4hc8,
5ih0,
1asn,
3kny,
4z6g,
4o9w,
2aiq,
2wvc,
2d8w,
1bli,
4rsw,
5khq,
4l0j,
1al2,
2wyj,
1rjc,
5y0l,
1cbm,
5hk7,
5bty,
5aoq,
4u1z,
5g1f,
5jag,
4iku,
1jhw,
6h6i,
2aay,
2ohu,
4buu,
3ohu,
2y3c,
3uoh,
3mf4,
4nxq,
6l18,
1bp0,
2gy7,
3a98,
1b1x,
5e16,
4g9o,
5m24,
3kj1,
1b6z,
1uan,
3ijy,
5wos,
1oyf,
1aio,
3h97,
5uvt,
2nss,
4nyr,
1klt,
4htt,
3zo4,
2wo7,
5x6u,
2nxa,
4ylw,
4yxt,
5eu6,
2rjo,
1wwa,
2dqf,
3we4,
3g6z,
2x32,
4zqx,
6c2f,
5ulv,
5lld,
6kwq,
2iyq,
2eid,
5v45,
2ovj,
2qzu,
6fuq,
5ahc,
5hqo,
5swf,
3nlc,
1w9q,
1d9f,
5vzx,
3mwu,
6iae,
3go1,
2w8o,
1f9h,
1td3,
5llz,
3it0,
5q6p,
5hwy,
3nqh,
3s00,
5ce9,
3hc3,
1odv,
2imz,
1f2v,
1htd,
4ahe,
5top,
3u7l,
4x9n,
2ioo,
4lv0,
6hr4,
1tjo,
3bqj,
4r3e,
1l2i,
5x80,
4ide,
3ay9,
1pv6,
3bkv,
2wbi,
5xo0,
3i8n,
2qsf,
2vfw,
3b9z,
1y0x,
1k1m,
3d5j,
2uyb,
6edd,
4f7f,
1rrj,
1nog,
6q3q,
1yas,
1eoo,
2nwd,
1xkr,
1sub,
4zb0,
4p7a,
1xrb,
3ezn,
2ztw,
5hjj,
3czc,
3uqb,
2iya,
2xn8,
4hrn,
1fj2,
4owc,
4ndl,
2zrk,
6cbr,
2auc,
4uhf,
3qjy,
4lhj,
1gv3,
1dk7,
6b4n,
1skq,
4dlo,
2iax,
4wpf,
3ucg,
6ism,
1s1p,
3c9w,
6cqd,
2d8d,
4eu0,
4bud,
3f4s,
6uil,
3k7q,
3gt7,
4dlj,
3czm,
1rhk,
3zik,
3vwq,
1i2w,
3pwl,
2rta,
6o57,
6elx,
4mxz,
6ds9,
1xtz,
3mcd,
1etz,
6ggl,
1av4,
5q8g,
3t7q,
6bsf,
2nz6,
4eak,
1qzr,
5pn6,
4hn2,
3hp2,
1efh,
5ieq,
5hbn,
2qe3,
2vr9,
5ezg,
1vsi,
2xgl,
5e9n,
4qt6,
5nz2,
4gk6,
2vew,
5sy4,
5fad,
5k68,
1a4c,
1rrx,
3vf5,
2gc0,
2ago,
3f9b,
3le3,
4i2s,
5q8l,
1l8f,
4amo,
1q09,
5z2k,
4hhx,
4fgr,
3ong,
3vkm,
5t8p,
4zxr,
1mie,
3lia,
3kxk,
1b20,
3uj9,
3o50,
6mjm,
4csv,
1ldi,
5i4k,
3i73,
3k3w,
4m7g,
3qs0,
3ox9,
3hxr,
2a2t,
1ou9,
1mxv,
5njn,
5x03,
4f4e,
5xos,
5pwg,
1yga,
3fmr,
2mkn,
1w9z,
2uvn,
4mfr,
5tfp,
3ekj,
3mgb,
5xjp,
2g0g,
5wf2,
1dxp,
6mo2,
5p7d,
5b3d,
1sc1,
1qnt,
1k2s,
3vce,
1qco,
5dlo,
6fsi,
5gv1,
6nsc,
1n4e,
3zpq,
5mvh,
3gyz,
1unp,
2zlu,
1z8n,
4pmy,
3rq6,
6o9b,
3uh4,
1pjn,
1lmt,
4klh,
4mrt,
6amu,
4oku,
3epv,
2nue,
3kpt,
3s9k,
6ipa,
5kp9,
4ugx,
2zq3,
1amz,
4c41,
1o5c,
5osx,
4jym,
4o0s,
3w0r,
5kg1,
2o1g,
6do8,
1iem,
3kb7,
1f8t,
3unj,
5hev,
3tni,
6gak,
5d55,
1cuh,
1ah4,
1rwl,
5buc,
1qze,
4mqt,
2abi,
5opm,
5n8x,
3jrc,
2x0d,
2y8i,
1ima,
5y6g,
6oeb,
6gjw,
1ck4,
6ggn,
6qk1,
1q2u,
5n72,
6j5y,
4e00,
5lrm,
3tm1,
4gi4,
1r54,
2vgq,
3uej,
5vm2,
1w7f,
3lgj,
4fxz,
3u6u,
5lrn,
2wr9,
2cm7,
3ie5,
5ci9,
5qmx,
3cq2,
1tn8,
2aa9,
1pk5,
6dyb,
2w2q,
3cdw,
5jiu,
5zfy,
2ek8,
1gxc,
1v73,
1syb,
4ce0,
1jc4,
1tho,
3hxs,
1hd8,
1eju,
5j3n,
3i9y,
6erz,
1jph,
2ov9,
2o5n,
2aao,
1zk4,
3lv8,
2bog,
6o5a,
5h1x,
3sxf,
4flb,
2odn,
1ebf,
2ofi,
6ucc,
2q6g,
1arg,
3oia,
1ztl,
1v0l,
4h6w,
1ljh,
4igt,
5z1e,
1klq,
4uvm,
3qla,
2c6p,
2v9i,
3aja,
4plu,
2trx,
1a79,
1hw6,
3nl1,
4qk3,
2pmc,
5wdn,
1zap,
1foc,
5k62,
3rhk,
3h04,
3noe,
5nr3,
4wk7,
4eh9,
4wzv,
3gjz,
2avm,
4dn8,
5pg7,
3sdf,
4adn,
6cig,
3w6f,
1zqb,
1ezq,
4ll0,
6agy,
1gxm,
2o0e,
3bel,
3ui4,
5lmz,
4h3z,
6ied,
2o87,
4wrg,
5pe9,
5jty,
4zn6,
4pwv,
6fid,
3jb4,
5pp0,
2idx,
2wy1,
4xff,
1bjm,
1x8u,
2ey5,
6skc,
4x4b,
1zky,
3dxl,
2rcx,
5of6,
1th0,
2wa3,
3iwf,
5eor,
4ib8,
4a1z,
1mj2,
1xog,
3q0f,
2jzf,
1i0l,
2a5z,
2o3k,
4rxy,
3ur3,
2c5s,
2ofd,
1zdu,
4j45,
3ili,
4hrg,
5eij,
1nj4,
1d8a,
2za9,
2nrx,
3kvw,
3lxo,
3kay,
4wa4,
4qwo,
5mq4,
4yjz,
4fey,
6rf7,
4xmy,
3e2q,
6iyg,
2co7,
1w0o,
5usn,
2qc6,
2yri,
4e4d,
4ekl,
3zy0,
2ngr,
2h92,
1i7g,
4m84,
5ihs,
4q03,
2pcq,
2b9l,
3zd6,
5fe6,
3hwr,
6uh6,
1c3k,
1eax,
5par,
2jod,
3q9x,
6f3i,
1vdd,
4ake,
4zgg,
3hqt,
4q24,
2ozg,
4uur,
5me7,
3bg8,
3otz,
3hix,
6ax0,
2i5f,
3ga3,
2rha,
6f5g,
1vfv,
2ae1,
5orx,
2wlv,
5z3c,
254l,
4bnr,
2yfe,
2omh,
3buo,
5i7c,
4xml,
4joi,
4y7s,
6hzx,
5p79,
1bka,
4z49,
4a7t,
2wo9,
3fop,
5ywm,
1q6z,
5yig,
2dxr,
6j4v,
2q64,
2zr7,
3uou,
2he3,
6qfy,
2ism,
5z6j,
4jp3,
6dk4,
4la5,
5cxx,
1xyz,
4ffm,
2gno,
1z45,
5q1q,
3cy1,
2ejb,
2ex5,
2r33,
5zfi,
3cpe,
1gz1,
5vlo,
3avi,
3md9,
6grn,
1s8e,
2zfw,
5lsw,
2c5g,
6rum,
3s35,
2d23,
4wxj,
2p4a,
4n0t,
1sei,
1e30,
4mna,
3aj4,
4bhz,
1ghq,
3mnm,
1zw9,
6fy9,
2xqv,
2c36,
5v7k,
2z15,
3hvv,
4dj5,
3ssq,
1ik6,
4y9b,
2jzn,
5o39,
4v2e,
4q49,
3ppe,
3f35,
4oop,
3jut,
1aw5,
1ci8,
3zln,
1nzr,
1w55,
6e3f,
1tft,
4h6i,
2gab,
3izd,
3cxr,
1aes,
2be4,
4bau,
6ml3,
3f4c,
3htk,
3vnp,
3nwm,
1pb0,
2oya,
5m6e,
4hyn,
5iwb,
2zk7,
3ubv,
4e3n,
5kre,
4r38,
6cd7,
4ckv,
1aug,
2byi,
3thh,
3rgi,
2hb2,
1s0h,
3rja,
1b4l,
3lfq,
2dhq,
3c5s,
4w57,
1h0n,
6rnv,
1jsn,
1xd1,
3r5p,
5im7,
5w7n,
5prk,
4dn6,
3suk,
3vh4,
3ucs,
3snv,
3d55,
1d9u,
3boo,
4o8i,
3u6k,
2vhg,
1pt8,
5brb,
5q2m,
4dgn,
3lbi,
3q4h,
4gvv,
1cwq,
4e9e,
3qft,
3epr,
1vdc,
5u2h,
3stt,
3juo,
4llx,
3wvt,
4xo9,
1dc5,
4ufk,
4ak3,
1xqg,
5b19,
6p2e,
5npe,
6csu,
6hn1,
1cc2,
5ihp,
3fhe,
5mi5,
5n6v,
6sdd,
1cde,
4tye,
4ecb,
3up8,
3ze4,
1hy3,
1q4k,
5bz1,
1ipa,
5dyk,
1qlp,
4q6x,
6joz,
4y1b,
4xic,
2oq7,
3t7v,
4ee7,
2vpl,
5cuu,
1avx,
2os2,
2yhg,
2tn4,
2dcd,
3k54,
2tir,
4li7,
1fgm,
2eb9,
2xsc,
1r7s,
4nph,
4qgf,
6cv1,
6nqh,
4qye,
5wn8,
6hs2,
3vn3,
6onv,
1j5w,
3x0m,
2cpu,
1v13,
6p1n,
3olc,
6jfw,
2bia,
3lp5,
1jkp,
3rmj,
5cpn,
3cs4,
2wb3,
2hq5,
4u7p,
1m5c,
5psg,
1uim,
3hwp,
3v6a,
5g3f,
6k0n,
3gs1,
1lmi,
5tul,
1yhc,
4drz,
3esh,
1xyo,
3zcn,
6c3e,
4zgq,
1xh7,
5uoj,
5f2o,
4jmh,
1x8h,
3o69,
6uwk,
5nq6,
5bpo,
6bkz,
1utr,
1ynb,
3rs6,
2vtd,
3ry9,
1eqv,
1wrz,
3tiq,
5pe3,
3tk0,
2q1v,
3cfy,
6ep9,
4aaj,
2fvj,
2dpd,
5ulu,
4iu1,
5jml,
4k20,
5dl2,
4rd1,
4kw8,
1gkb,
2a2c,
1vsl,
3blu,
3rly,
5az2,
4yxf,
4ezz,
3cbl,
1g6l,
2acj,
1lta,
2dhd,
5dxl,
4zv2,
1uyf,
5q7r,
6e0t,
3gle,
3vyx,
5ggp,
2w9z,
4txa,
1fs8,
4bh3,
2eg8,
5p0p,
4mf9,
5zuo,
3o10,
3rav,
4mdd,
5zhw,
2j8q,
1cuo,
3sv0,
3nv3,
2iwl,
5awp,
5wzf,
1zn2,
4zzn,
1xau,
1nsv,
1gd2,
3h5i,
3k5w,
5d1v,
2eak,
6a4y,
6mr9,
4rzq,
4msw,
3wgj,
6fk9,
1hka,
1k89,
2z61,
5v3t,
1v2l,
6f5k,
3ku3,
3uk0,
4lt4,
1rdp,
3vhm,
2sgf,
5we9,
5wez,
1d3g,
2xzu,
2rif,
2oj0,
5xis,
4h6e,
5vx3,
3mkw,
2vpi,
5g3n,
3fow,
6mts,
3n1p,
2vve,
1o3j,
1qya,
4bjj,
5e8g,
2fxu,
5n5o,
3p5u,
3ty5,
6emd,
5e8o,
2a9c,
1yfw,
5y15,
4ed3,
4l94,
3cve,
1p37,
1lxz,
1wo8,
6dbd,
5i18,
4qxf,
5ozx,
2xem,
3lmn,
2zvt,
2uyo,
1jfp,
6h9y,
3d6p,
4eny,
3m12,
2j0v,
2a4g,
1t4w,
1gtr,
5p37,
1sqi,
1ogq,
2bzj,
5zca,
3gja,
5giz,
4xs3,
4kzn,
5djv,
1lh6,
6d6f,
5olt,
5by4,
2op5,
1ivf,
3rk6,
3ckk,
4lo6,
2hkx,
4j5g,
5szf,
1q4n,
1kgb,
1sw6,
3qic,
2aoi,
2jhk,
4is8,
3cn9,
4z2p,
5p6i,
3ur7,
1qo2,
4ac4,
6f45,
1spp,
1igz,
3ocu,
4hey,
1rz2,
3gub,
3zjs,
5ey7,
3l0c,
2xv4,
5yrd,
2a9z,
5e5b,
2bjw,
4p44,
2r3u,
1pa7,
2z7e,
6ir1,
4y43,
6r0q,
4zuh,
1s1e,
1sgr,
4nyp,
6a8k,
5uzq,
1lic,
6ak6,
5if7,
6a7e,
4d74,
3b4n,
2chd,
4y65,
1byw,
1zgh,
6hph,
2c8p,
5pmg,
1ng1,
1id2,
2h0g,
2che,
1kap,
3cz0,
4kkr,
1ahb,
5ft4,
4mta,
4fq0,
4xzp,
2c7k,
4gft,
4bse,
6bbi,
2x7s,
4zz1,
5hs0,
5xhs,
1qao,
5kam,
5ku2,
4x8q,
1huq,
3rb0,
5cts,
6dnw,
2xjb,
4pm7,
3t91,
2h6g,
5dhc,
1e6m,
3egt,
3l8z,
3fil,
1xlb,
2i5r,
2jh0,
3amv,
1yoj,
6b39,
1cho,
5zz5,
2cvk,
1v14,
5z5t,
3nq8,
2x1t,
1e36,
1xzh,
1a0k,
3my9,
4oj4,
3nqm,
2wqm,
3qut,
2osb,
5ifn,
6gi6,
4z7z,
1dib,
5evl,
6h9n,
3g2f,
4kk3,
4gmb,
1cqw,
6mnq,
6h5c,
5jp9,
4orm,
1c86,
6u12,
3km1,
4wid,
3sg9,
6aal,
3bq2,
1elo,
1g7w,
5i0f,
4an6,
4in0,
2pca,
2gkv,
2zvp,
2clz,
4for,
4b8m,
6ent,
1elg,
1ztt,
1a2c,
3o8z,
2ofz,
2yna,
4l5b,
1b0l,
1onl,
2zfr,
3tc2,
3l1x,
1bye,
2wib,
6bkp,
4ngl,
3hwe,
5bw5,
3aak,
5h5z,
3a87,
5kpy,
5cky,
2guh,
4wsf,
4g24,
3g18,
5za3,
3u4g,
6eyq,
4ogn,
3bva,
2ojk,
3qcn,
3kwk,
5wl6,
6uzg,
4gc8,
2vex,
3t01,
6qlk,
1eks,
3zcx,
1wzg,
6a92,
2fbx,
1oeb,
4cvq,
1s8d,
4os6,
4dox,
2a4t,
4rgk,
4ngt,
2nrm,
5aj8,
4ypf,
3vy8,
2weo,
4iui,
4hc6,
3fs5,
3gcn,
2ex4,
5jl7,
4uyu,
5xx7,
5ocv,
2hmj,
4u6z,
1wtf,
4a31,
3fcf,
1v1o,
6h6j,
3l2k,
3kn2,
3orq,
5k1j,
3eyw,
2uuk,
5j79,
3wqe,
2f2k,
1dko,
3exm,
6idb,
4h0e,
5ap8,
2uzj,
4qp9,
2vnr,
2fl2,
5mxc,
1kax,
2ccv,
3kam,
1asl,
3vpd,
2b0p,
6ho6,
5fba,
5akk,
5h5e,
2aad,
3evf,
2omb,
2fri,
2w5w,
1edo,
5a9c,
1myj,
3f5w,
1l55,
3tv4,
4xf6,
4doi,
4yfd,
5tug,
6sc9,
3aa1,
1ath,
1jiv,
4xux,
6i79,
4ekg,
2v7l,
5lnc,
6kyl,
6q1m,
4ggf,
1set,
5ut3,
6d1x,
5l1q,
1z9d,
1rtb,
5pcc,
6eet,
3bg4,
5q4e,
2yxr,
2x3m,
2hr5,
2i0u,
4lsj,
4grm,
4ny3,
4zjw,
3c0s,
5kgr,
4n6n,
1mcp,
3zdb,
6fx8,
5p2j,
4agg,
1fav,
5aci,
1fl7,
4eng,
4ck4,
5dwp,
6hpn,
1t1d,
1txd,
5dlg,
4ct7,
5moq,
4wxf,
5kub,
1uzp,
6b6c,
3liq,
3lzq,
5d6g,
4kvh,
2c8e,
1cp9,
4lnd,
3f9d,
6fgi,
5vxv,
3ocs,
6jag,
4wkv,
5mbs,
2q0k,
5qhb,
5g5x,
4w64,
6mbh,
2ph8,
5cyk,
1mpu,
6eja,
5n9k,
4j66,
5vmd,
4ewo,
3cij,
2w9j,
2vbw,
3ioz,
2drj,
5apx,
1jbs,
2zo1,
5xjs,
5ljl,
2hcm,
4uds,
3rf0,
2bpg,
1e46,
1r6q,
4x1g,
1yrx,
4jb4,
1t06,
2yg2,
2qlj,
3r2d,
2hnq,
4f3w,
2sns,
1ia3,
6a9f,
5v84,
2nyj,
3co0,
5tem,
2jk2,
2w8p,
1c45,
1q1z,
1wsd,
1qa7,
3wv6,
5nn1,
2uxg,
3ums,
4mpq,
1shf,
5bx0,
2o30,
4z3a,
5va4,
4u9e,
5cv9,
6byy,
6iw0,
4tw2,
4rda,
5dz3,
1rhj,
4jyu,
4ze6,
5ct2,
4m98,
4r6z,
2ea9,
6bq0,
3khc,
1sbi,
2xpb,
3vt9,
1efc,
4p2b,
6dm4,
5tsd,
6bp4,
5m1r,
5l8j,
3hs3,
6qbc,
5gjm,
2bes,
2ij0,
2bnx,
3oxk,
4odd,
3i49,
1b6b,
2fy4,
3n2y,
4ynt,
1d0e,
5nk9,
6h38,
1qyr,
1bar,
4apr,
3m00,
4gc5,
3dwv,
3l91,
4cka,
3kyn,
6d5v,
6a1r,
5v5e,
2iu5,
2ijj,
3lq6,
3lwn,
3o6q,
2a2r,
1ulb,
5y38,
6a3k,
1zc6,
4bvp,
1cfy,
5gvh,
4ce5,
3f62,
2gfw,
5v44,
4k7l,
6k1z,
2c13,
2r4h,
3wwn,
5ld8,
3gd9,
6fcc,
3v8w,
2i6i,
1fmg,
2yio,
3fv4,
4zjb
